,QOI,subset,p,s,b,beta0,beta1,beta2,beta12,gamma1,gamma2,objective,p-value
0,Temperature,0,1.0,0.0,0,305.78276232204666,155.08856637892265,237.7341710591729,-174405.09003369499,3.999854965301977,1.29768230873497,0.0023797713503158004,
1,Temperature,0,1.0,0.0,1,305.79941387924595,58.04931224622438,6236.103544091406,-2817143.1086233584,3.382586612829047,1.9997284740299386,0.00107588389950453,
2,Temperature,0,1.0,0.0,2,305.78476213796165,172.08100882859992,154.91449385630966,-149588.4474544766,3.999897452493316,1.2500207315353082,0.0005535454755557262,
3,Temperature,0,1.0,0.0,3,305.745264667459,167.35920967780442,80.583981549173,-48246.813770546905,3.999841266011571,1.0474488934451136,0.0006742342114601583,
4,Temperature,0,1.0,0.0,4,305.7847620767093,172.0809337078121,154.91479907664578,-149588.38685450703,3.999897452493316,1.2500207315353082,0.0005535634550415731,
5,Temperature,0,1.0,0.0,5,305.80924223478746,70.45506209701772,6631.622814258189,-3461176.168685633,3.559371067837959,1.9999578080402602,0.0010510034128349225,
6,Temperature,0,1.0,0.0,6,305.8096810350834,75.95797883178862,6799.251510131271,-3768216.1949382285,3.6107267812951407,1.9994527693197335,0.0014766022619458483,
7,Temperature,0,1.0,0.0,7,305.73350844906685,168.366899045664,60.258111590450035,-33291.68313136699,3.999819165732668,0.9782684608433208,0.001251987447159339,
8,Temperature,0,1.0,0.0,8,305.7209684268156,169.4273167275067,46.55787884147741,-23957.606335676184,3.999823478398757,0.9167376159517197,0.001387610757674009,
9,Temperature,0,1.0,0.0,9,305.7871456616732,123.499805191489,671.0495799347688,-357725.79877579655,3.9110052873167653,1.4715829860244383,1.8012770211255061e-06,
10,Temperature,0,1.0,0.0,10,305.7591173637731,159.4796104301815,83.73604033770796,-49544.116088317576,3.9995511435205113,1.0623663207246876,0.000996390546426951,
11,Temperature,0,1.0,0.0,11,305.77979390354693,30.37931925300737,10176.166283504774,-1404396.1539333572,2.9880134589986738,1.999906737461384,0.0003772467761129296,
12,Temperature,0,1.0,0.0,12,305.7827597208438,155.10005086527238,237.68167713839412,-174376.429930854,3.9998942087088833,1.2976380596886687,1.030678243296606e-07,
13,Temperature,0,1.0,0.0,13,305.78869816235215,23.326735654454318,13178.83586891412,-1059540.654486893,2.9186323395934375,1.9996682650276867,0.00046197229919178284,
14,Temperature,0,1.0,0.0,14,305.8093724204391,73.68646805840496,6952.793653733702,-3658267.954009073,3.5922556019702148,1.9999519512059116,9.371182469550798e-05,
15,Temperature,0,1.0,0.0,15,305.77785715108706,160.74381092416016,356.72699244948456,-293470.584557545,3.999952341100135,1.385077725125734,0.0030019614280464455,
16,Temperature,0,1.0,0.0,16,305.7591153984524,29.546421024905044,931.6503122687283,-78049.23376091266,3.0520991676400033,1.47236901477202,8.32334229491491e-05,
17,Temperature,0,1.0,0.0,17,305.7827604507092,155.09641280775628,237.69651570132277,-174384.31361665967,3.999881008518333,1.2976508323427103,1.0733533748449486e-07,
18,Temperature,0,1.0,0.0,18,305.78714250366266,123.51651350477637,670.7798990736745,-357622.5619416104,3.9110840867789376,1.4715042157084548,0.0009731717037137329,
19,Temperature,0,1.0,0.0,19,305.8074472074727,99.99893872412287,845.8576544991075,-745418.7414664028,3.7230695966392644,1.6509144408509058,6.59210949517976e-05,
20,Temperature,0,1.0,0.0,20,305.8009687048469,58.22061565264919,4819.240256996022,-2788715.4020729717,3.387357928133003,1.999897236799782,0.0008721517853559495,
21,Temperature,0,1.0,0.0,21,305.78215838127363,157.66450993753028,200.22306891981893,-152224.87823682322,3.99997639642388,1.2704023270588447,1.4167573973012016e-05,
22,Temperature,0,1.0,0.0,22,305.7827628197525,155.08163349890614,237.75292594282718,-174412.22627062042,3.999827214550221,1.2976983723988407,0.0014084593859739311,
23,Temperature,0,1.0,0.0,23,305.7924449394364,43.94760193265927,6502.599866209097,-1068633.2041775985,3.3325221587615124,1.8714547594473123,0.0002623802548787372,
24,Temperature,0,1.0,0.0,24,305.8094907008196,78.24315763726852,7411.809748336478,-3936057.058059807,3.636669795969082,1.9997517739509931,0.0001179459756886308,
25,Temperature,0,1.0,0.0,25,305.79137975046325,47.09268325355582,3615.98594610703,-669505.5562867187,3.360176351407884,1.7764360426801036,0.0007028871573997206,
26,Temperature,0,1.0,0.0,26,305.7767742445846,177.16982741331242,74.02552058625463,-69750.16093596483,3.999808284013056,1.105729221202926,0.0010317561768751447,
27,Temperature,0,1.0,0.0,27,305.77970438421784,176.37198322405308,82.7864528934201,-81232.28775469618,3.999871734677495,1.1345504821089003,0.0011537713098176113,
28,Temperature,0,1.0,0.0,28,305.7827622351301,155.09548735724883,237.71931586406802,-174402.64751735036,3.999881337960142,1.2976712093295362,8.792166529139016e-08,
29,Temperature,0,1.0,0.0,29,305.78276341650803,155.07885997264418,237.7667635538305,-174418.76425898864,3.9998199370469205,1.2977086323059752,5.5259325559573536e-08,
30,Temperature,0,1.0,0.0,30,305.75536250249297,166.47913214853648,108.9732062478703,-71022.04917496449,3.999929339312804,1.1193587521142232,0.001711355431750582,
31,Temperature,0,1.0,0.0,31,305.79244562048797,43.938190928408424,6506.052254281994,-1068961.5257233377,3.332385185538413,1.8715532266816661,0.00026235295007784836,
32,Temperature,0,1.0,0.0,32,305.8029093798068,77.58248028602159,4894.013502559757,-3845860.4661728186,3.560845305556727,1.9998966718468691,0.0009797483433285317,
33,Temperature,0,1.0,0.0,33,305.74724053175737,162.65333812355266,100.9412806234403,-57733.767346695495,3.999945461543393,1.0846912964311337,0.0006559726941498722,
34,Temperature,0,1.0,0.0,34,305.7796996008836,176.40659612234447,82.75083101552227,-81210.08923050915,3.9999763385971363,1.134462852130272,0.00018227589075076536,
35,Temperature,0,1.0,0.0,35,305.7863768532086,127.3193247134599,545.2000298255748,-304684.96571176476,3.9210848522561257,1.4372897428963396,1.2025087634693687e-06,
36,Temperature,0,1.0,0.0,36,305.7871421069264,123.5215453859302,670.7289841512512,-357611.2044586705,3.911107407138479,1.4714905914612404,1.8101079141289645e-06,
37,Temperature,0,1.0,0.0,37,305.78276120949397,155.09784675681075,237.70183477525174,-174391.24495113973,3.999887800787998,1.297656332591338,5.447138931557528e-08,
38,Temperature,0,1.0,0.0,38,305.809375441678,73.69451081717239,6953.460293578658,-3659472.961911658,3.5923258803720612,1.9999911069552139,0.001501957007104424,
39,Temperature,0,1.0,0.0,39,305.7827615109867,155.09635525350765,237.70810718440666,-174393.90993629588,3.999883906572197,1.2976609639012526,0.0009714225079534979,
40,Temperature,0,1.0,0.0,40,305.77548716970693,181.143817129621,60.4818165005803,-59098.586066241296,3.9997464555810462,1.0717735073138204,0.0010347415068588828,
41,Temperature,0,1.0,0.0,41,305.7827611778014,155.08748735942666,237.72161846885348,-174392.95636118745,3.999848267026028,1.2976709342684516,0.001408513648535266,
42,Temperature,0,1.0,0.0,42,305.7893033139177,59.691271021660675,1335.1542253212112,-349575.86070086673,3.4726930450267313,1.6099526691941723,0.0002546445062702034,
43,Temperature,0,1.0,0.0,43,305.782162712492,157.62470394458649,200.32850436146327,-152270.3535215044,3.999832297118033,1.2705054220402796,0.000985693691348308,
44,Temperature,0,1.0,0.0,44,305.7871420640389,123.52052999300847,670.7318212192827,-357608.5631130215,3.9111028821783576,1.4714908095346693,1.8078225117502966e-06,
45,Temperature,0,1.0,0.0,45,305.7827611624918,155.0977494677148,237.7022886379496,-174391.14172158038,3.999887800787998,1.297656332591338,5.475664620765538e-08,
46,Temperature,0,1.0,0.0,46,305.7827621617969,155.09534799336785,237.71986935720724,-174402.49618039135,3.999881337960142,1.2976712093295362,1.019153533987704e-07,
47,Temperature,0,1.0,0.0,47,305.7827611813415,155.09767700970474,237.702143003272,-174391.04158697795,3.999887800787998,1.297656332591338,5.212672584432246e-08,
48,Temperature,0,1.0,0.0,48,305.78229813602604,171.03862814819465,115.90771599382579,-109778.39679743961,3.999931560345373,1.1946126239309138,0.0014896953270845481,
49,Temperature,0,1.0,0.0,49,305.78349172313915,151.64882469159798,301.5467198059286,-210197.97905043422,3.9998860685016195,1.334979125247069,0.000956403384368413,
50,Temperature,0,1.0,0.0,50,305.74153434105466,152.12577511596973,116.72398918481372,-55581.63268392193,3.99984806129513,1.0904425586242805,0.001223054184433676,
51,Temperature,0,1.0,0.0,51,305.755362504472,166.47906722484007,108.97321160289376,-71022.0181438462,3.999929339312804,1.1193587521142232,0.0017113553997185954,
52,Temperature,0,1.0,0.0,52,305.7918383591061,45.74666591905242,4612.174738828489,-812425.0289840581,3.348627768416817,1.8159018382119942,0.001674339082899117,
53,Temperature,0,1.0,0.0,53,305.8035802608005,152.76510813926024,1208.0664921153052,-1611727.7463254149,3.999963434275162,1.708385208133972,0.001261718668080609,
54,Temperature,0,1.0,0.0,54,305.7827602528569,155.1100268617991,237.672195934163,-174379.69264290147,3.9999408806968386,1.2976291452059097,0.0023797242771417867,
55,Temperature,0,1.0,0.0,55,305.77970353299634,176.39840130938515,82.76938963753526,-81227.45974688843,3.9999601053140337,1.1345109354326544,0.001590664000839103,
56,Temperature,0,1.0,0.0,56,305.7814724167502,175.87267075050408,88.93463621316593,-89616.0676778232,3.999897712308667,1.153112517195329,0.0015078871207927084,
57,Temperature,0,1.0,0.0,57,305.74966932820735,152.31186741818445,148.7334010331746,-75418.95269192396,3.99988739665762,1.1461592120314879,0.0005629545770546504,
58,Temperature,0,1.0,0.0,58,305.7827612571681,155.10696330624904,237.68947135910014,-174393.13249804886,3.9999254332253606,1.2976470705040741,0.0014083842201425326,
59,Temperature,0,1.0,0.0,59,305.784762066114,172.0808782487101,154.9149522147981,-149588.3377037926,3.999897452493316,1.2500207315353082,0.0005535539763347636,
60,Temperature,0,1.0,0.0,60,305.7821572307346,157.65151282510976,200.2289073383061,-152214.62031437442,3.9999225738458364,1.2704058189242557,0.000985681984934053,
61,Temperature,0,1.0,0.0,61,305.7827632947911,155.07877513762796,237.7671476431119,-174418.6672283984,3.9998199370469205,1.2977086323059752,5.532697655441865e-08,
62,Temperature,0,1.0,0.0,62,305.7914332228149,43.63229700208832,3711.820989122522,-741670.3439979077,3.246318590079186,1.8099463374593183,0.0006959504061740966,
63,Temperature,0,1.0,0.0,63,305.8089077437952,73.93033456371451,7687.826798793475,-3711385.9879376586,3.602276253014767,1.999978577357525,0.0009325228969940205,
64,Temperature,0,1.0,0.0,64,305.7421517255413,110.06839771355699,102.77913330712288,-37094.248636931494,3.759381766424971,1.07923127898919,0.0003814023408453327,
65,Temperature,0,1.0,0.0,65,305.7742896674406,132.26034986162807,812.272210208475,-397788.12743580696,3.9999908311583567,1.4771838459032849,0.0012788142305232442,
66,Temperature,0,1.0,0.0,66,305.7827625611443,155.08109299651545,237.7505455356986,-174408.4111754224,3.9998264204648883,1.2976950291294536,1.2013090776065159e-07,
67,Temperature,0,1.0,0.0,67,305.78357365847717,151.67618210329053,302.8176431997766,-211401.5529675888,3.9999987782597897,1.335991682507105,0.002359800755482822,
68,Temperature,0,1.0,0.0,68,305.787865348227,61.799479308463,574.2458310400499,-193436.2149550073,3.40323137024106,1.497297473316178,0.0006832110835429236,
69,Temperature,0,1.0,0.0,69,305.74514005723915,104.38335206435704,136.43893636135073,-46027.88866585677,3.7453039061781963,1.127594095589441,0.0005831756488584782,
70,Temperature,0,1.0,0.0,70,305.78276881736537,155.04912134340583,237.8892712482325,-174480.87403328542,3.999716006136442,1.297810490518228,2.6456902917704414e-07,
71,Temperature,0,1.0,0.0,71,305.7874166314848,194.5586320216966,42.15426290966483,-54676.9896954102,3.9999693959472076,1.0440593104599583,0.0025571783737472786,
72,Temperature,0,1.0,0.0,72,305.7842015006946,147.47902177035903,325.11105929929744,-221601.28930754447,3.9840232571655663,1.3499747777132143,0.0009758286710148967,
73,Temperature,0,1.0,0.0,73,305.7821608949143,157.66405707142982,200.24518354450652,-152244.1347433977,3.999981330457558,1.270426051727304,1.4283967185510306e-05,
74,Temperature,0,1.0,0.0,74,305.7827637890443,155.0737546218268,237.78221133543286,-174424.24072612592,3.9998016975610886,1.2977206759380167,1.1913502468034293e-07,
75,Temperature,0,1.0,0.0,75,305.78276348350533,155.07895406114875,237.76635484859756,-174418.8682311974,3.9998199370469205,1.2977086323059752,5.508326783679622e-08,
76,Temperature,0,1.0,0.0,76,305.7989530845976,148.10907327603604,444.716510008492,-362918.0310621269,3.9998968346942565,1.4408986126130738,0.0007579047301784549,
77,Temperature,0,1.0,0.0,77,305.80937245373104,73.68655737684558,6952.759638187784,-3658272.4774831035,3.5922556019702148,1.9999519512059116,9.371391935189477e-05,
78,Temperature,0,1.0,0.0,78,305.7842029984879,147.47084469131215,325.16298723100266,-221628.23989628183,3.9839904130940798,1.3500076552778415,0.0014040222216220068,
79,Temperature,0,1.0,0.0,79,305.78276140584256,155.09634088638768,237.7085118047102,-174393.90048155858,3.9998839065721974,1.2976609639012529,0.0009714188221228514,
80,Temperature,0,1.0,0.0,80,305.75437454746293,209.05815077803803,23.930225658359596,-23323.727971870085,3.9999367668773633,0.8733155546868449,0.003157316001479111,
81,Temperature,0,1.0,0.0,81,305.7871457278951,123.49977030806377,671.0494279028902,-357725.6709802455,3.9110052873167653,1.4715829860244383,1.7981297720828781e-06,
82,Temperature,0,1.0,0.0,82,305.7827639160324,155.07396070695205,237.78134819459984,-174424.4660669192,3.9998016975610886,1.2977206759380167,8.036330599108837e-08,
83,Temperature,0,1.0,0.0,83,305.7909758556656,45.181722293457256,2775.260604480215,-589055.9007765267,3.2607940486666642,1.7624041211672639,0.0021063180676757524,
84,Temperature,0,1.0,0.0,84,305.8046909120465,163.89619486103726,231.92645089638063,-321406.79820261727,3.9999088584605182,1.400991046215367,0.0012355916716340581,
85,Temperature,0,1.0,0.0,85,305.78276020721796,155.08836023884336,237.70977365702922,-174381.2574755072,3.9998539764084846,1.2976575146805969,0.0009715128492429446,
86,Temperature,0,1.0,0.0,86,305.8062642483217,106.05030041179397,4486.886550733332,-5349461.9017851325,3.7859846251130893,1.9999530605458857,0.0013128234926068228,
87,Temperature,0,1.0,0.0,87,305.7835736763891,151.67618422594185,302.8175437756337,-211401.55250889767,3.9999987782597897,1.335991682507105,0.0023598053234923535,
88,Temperature,0,1.0,0.0,88,305.7827604407673,155.09634033552098,237.69663560966657,-174384.22933595383,3.999881008518333,1.2976508323427103,1.0610610754689692e-07,
89,Temperature,0,1.0,0.0,89,305.792240258635,166.64850233612322,296.1583212698438,-311731.70861474524,3.999889380896632,1.3897108439451942,0.001516787117144325,
90,Temperature,0,1.0,0.0,90,305.7913794576601,47.09557587188183,3615.4933033940597,-669459.3936073482,3.3602137869498865,1.7764112172112076,0.00026853616048391917,
91,Temperature,0,1.0,0.0,91,305.7855304640436,167.9639310276062,200.5666898705428,-183174.60090720188,3.9999218590551555,1.290696573178437,0.0005296385374584085,
92,Temperature,0,1.0,0.0,92,305.78644557957955,101.08017089157666,367.86848248402316,-193786.80056612412,3.69787168300926,1.3995725444049025,0.0004829144806973417,
93,Temperature,0,1.0,0.0,93,305.75722652962935,156.5557224101676,89.43915726246188,-49931.4308061352,3.999969967945937,1.0665430309517447,0.0010967724030015598,
94,Temperature,0,1.0,0.0,94,305.8080205128131,93.78217086123232,1386.3857555715736,-1098475.6685338824,3.69728096045557,1.7330221109297426,6.491098290137886e-05,
95,Temperature,0,1.0,0.0,95,305.77677467803665,177.16976267468996,74.02639782842542,-69751.46424746886,3.999807932499512,1.1057327232971441,0.0010317719723848561,
96,Temperature,0,1.0,0.0,96,305.8174731993278,132.92219101218063,849.328861574804,-6736315.681509291,3.908948792974124,1.9997813184264408,0.0017364735361070657,
97,Temperature,0,1.0,0.0,97,305.8069748911547,69.24682250766212,11769.54704990315,-3495342.6886661816,3.654161203440808,1.9999712208984424,0.0009794326334297023,
98,Temperature,0,1.0,0.0,98,305.80609973147176,108.11656911699812,4872.1560903706695,-5492149.543168796,3.802483370201823,1.999955898671761,0.0013465168915327906,
99,Temperature,0,1.0,0.0,99,305.8047137331261,164.65189172637048,310.84022524552677,-411558.23434630554,3.9998449176371635,1.4448992633009496,0.0010166061602137875,
100,Temperature,0,1.0,0.0,100,305.7909756748501,45.17422768307071,2776.2677007358443,-589165.0251342003,3.260691325038957,1.762471296426029,0.0006979194874562238,
101,Temperature,0,1.0,1.0,0,305.7916766535411,31.399087403543046,10094.390341807322,-1454008.220698158,3.0398221437846793,1.999686529978941,0.001224027666607063,
102,Temperature,0,1.0,1.0,1,305.78773721416707,57.17315700247226,288.74871121308047,-111320.59555404507,3.3044364235900616,1.4135592714315082,1.4604321120321007e-05,
103,Temperature,0,1.0,1.0,2,305.7916542645589,31.493326773843144,9844.288115543042,-1424845.5355860589,3.0412846432447336,1.9955056437705057,8.138873226449188e-08,
104,Temperature,0,1.0,1.0,3,305.7916798007337,31.395470676290483,10103.77727689389,-1455379.584084536,3.039748852303858,1.9998844596438978,0.0006047481488443368,
105,Temperature,0,1.0,1.0,4,305.7916559311962,32.401631052311146,8980.918273535066,-1347849.2973700932,3.0566342597733236,1.9794781181243173,9.318648321914974e-06,
106,Temperature,0,1.0,1.0,5,305.6867210492649,114.9396552916828,37.93485729413581,-11184.719760685732,3.737451533856806,0.8507515142514122,8.569269106152677e-05,
107,Temperature,0,1.0,1.0,6,305.79165959465314,31.466176098032697,9884.249348420764,-1429819.3729805367,3.0407241411543904,1.9963234495673687,7.650501867139816e-08,
108,Temperature,0,1.0,1.0,7,305.7916493211911,32.43702761882104,8843.781099557462,-1331825.06941368,3.056894531137636,1.9772073694799048,9.396962849624496e-06,
109,Temperature,0,1.0,1.0,8,305.92109599431456,87.270938352984,-3.4657366438199544,-899.7900869024639,2.788295151665879,0.44800955668158227,0.0018187548101856862,
110,Temperature,0,1.0,1.0,9,305.79167754625905,31.398061628379224,10097.536398726947,-1454410.4316551816,3.0398064001980227,1.9997431988477108,2.0926383682207917e-08,
111,Temperature,0,1.0,1.0,10,305.7861998434037,55.215148103035396,273.7492231287208,-100308.020474988,3.2769568338262265,1.4013517172763363,6.580608475991363e-05,
112,Temperature,0,1.0,1.0,11,305.786194924228,55.211159275494886,273.69823079056056,-100273.64836326332,3.2769041670656076,1.4013032488268935,6.590282731956016e-05,
113,Temperature,0,1.0,1.0,12,305.78562578150536,59.91401534692256,230.43011508621512,-89834.1247033227,3.3268297275794865,1.3648283819981142,1.913277589149289e-05,
114,Temperature,0,1.0,1.0,13,305.7916785641739,31.40389777797968,10089.273180256812,-1453429.6745800779,3.039932719285809,1.9995819621030522,1.6846403044292716e-07,
115,Temperature,0,1.0,1.0,14,306.9363075621327,-1.6037400992169724,-8.869999636278253,17.65801307934117,0.5,0.25,0.0024267624337930872,
116,Temperature,0,1.0,1.0,15,305.7916768467899,31.395862296038608,10098.540411045758,-1454446.0180029436,3.0397624793983926,1.9997621972784234,0.0011634572004201947,
117,Temperature,0,1.0,1.0,16,305.7928972761273,33.20009428566378,9574.421127878562,-1543809.3709802693,3.067461039007263,1.9998634528222106,5.283378534194182e-05,
118,Temperature,0,1.0,1.0,17,305.7887931627302,20.512715778364143,8532.371005502064,-862325.7566852049,2.7818707964236338,1.9999538623907631,0.00040222852640566675,
119,Temperature,0,1.0,1.0,18,305.79285466440797,33.19506831930796,9604.781778804705,-1569447.0614461966,3.066743209295078,1.9999138708800919,9.91204264471604e-05,
120,Temperature,0,1.0,1.0,19,305.79278588957675,32.859233143377566,9529.82273937386,-1550818.5418075814,3.0595254364252464,1.999967127267156,0.0006980869122082597,
121,Temperature,0,1.0,1.0,20,305.7918810662706,32.699169525776256,10304.61958791681,-1552814.0185771221,3.06448127550666,1.999904615572897,7.386466765863755e-05,
122,Temperature,0,1.0,1.0,21,305.7916774683557,31.39960825094561,10094.323764028493,-1454068.8715468997,3.0398320646142216,1.9996913467185382,0.00116341774726773,
123,Temperature,0,1.0,1.0,22,306.94785390047895,-1.6152516359784426,-8.939360169602352,17.746198870413174,0.5,0.25,0.0024291109471125377,
124,Temperature,0,1.0,1.0,23,305.7916772481582,31.391337268258283,10106.16017465454,-1455241.3051519124,3.0396824781515877,1.9998899683209297,0.0011635793692455685,
125,Temperature,0,1.0,1.0,24,305.788793071652,20.512175886774344,8530.292602693882,-861802.8278818547,2.781902215837504,1.9998428123048626,0.00040206747854671184,
126,Temperature,0,1.0,1.0,25,305.79278383260186,32.85631583220978,9521.647447770314,-1549668.8076295455,3.0594284627550303,1.9998542985902532,0.0007051838773298659,
127,Temperature,0,1.0,1.0,26,305.78774465470593,57.14865077032685,289.1688012015579,-111452.7634526537,3.3042080336345414,1.4138636058127858,1.5249889241303016e-05,
128,Temperature,0,1.0,1.0,27,305.7879410839687,18.784240024366046,9362.883126215227,-780582.7276691679,2.745146495281718,1.9998123487350967,0.0003749557444868081,
129,Temperature,0,1.0,1.0,28,305.79165996426167,32.37107823083391,9016.204648700701,-1351935.483207362,3.056054916052548,1.9802243695209842,9.444773012782816e-06,
130,Temperature,0,1.0,1.0,29,305.78261323104095,156.28814386408334,227.68685025671212,-169468.61217864777,3.9999817175761527,1.29097021425207,0.0020951487449590122,
131,Temperature,0,1.0,1.0,30,305.79188134733647,32.69540434047763,10307.916876034535,-1553170.8700717126,3.064406534917543,1.9999709409959476,7.406274684484863e-05,
132,Temperature,0,1.0,1.0,31,305.92105867601083,87.13342389207253,-3.4691883968594524,-898.962422149778,2.787711531731869,0.44817589672765945,0.0018158672018076297,
133,Temperature,0,1.0,1.0,32,305.7848070690661,148.88096516091449,383.8452402420913,-259448.0178806414,3.99986263489013,1.3760015902334541,0.0020869963772870577,
134,Temperature,0,1.0,1.0,33,305.7918747741638,32.687996406972466,10313.477557264634,-1552921.923145842,3.0643174600726417,1.999979666299092,7.343236046145716e-05,
135,Temperature,0,1.0,1.0,34,306.8724734981071,-1.1132336987164881,-8.900826807038355,16.192297310777395,0.5,0.25,0.0015028424719333118,
136,Temperature,0,1.0,1.0,35,305.7916775275365,31.408201742053222,10084.736711108722,-1453071.2749866664,3.040003969604024,1.999509981429811,2.992817720462799e-05,
137,Temperature,0,1.0,1.0,36,305.92007722009464,87.82227555770504,-3.506623712363114,-920.1599674596275,2.7943310008103825,0.4509061682237727,0.0018243692406403173,
138,Temperature,0,1.0,1.0,37,305.78261525119575,156.2667841157343,227.71963075239904,-169474.3959844148,3.999895023467249,1.291002864725388,0.002095166508025445,
139,Temperature,0,1.0,1.0,38,305.7907951987721,35.323580273467,5741.889075123437,-905187.7919407703,3.1142013203986734,1.8887721818941485,0.0011540621113621985,
140,Temperature,0,1.0,1.0,39,305.7916697989066,31.413981688205677,10066.090782116113,-1450323.5859419906,3.0401191739670828,1.9991232049937178,6.713213776702751e-08,
141,Temperature,0,1.0,1.0,40,305.7916698432838,31.417208689939745,10062.364735292587,-1449903.796655712,3.0401897970759144,1.9990490569233585,3.364114928251699e-07,
142,Temperature,0,1.0,1.0,41,305.791654619051,31.288186014259665,10076.443458530068,-1449586.9186977805,3.0371194372160577,1.9999972007289113,5.930461157455255e-05,
143,Temperature,0,1.0,1.0,42,305.7916732259158,31.379033771454747,10106.669295949592,-1454449.3783332373,3.0394788886781834,1.999872343154858,0.0006044968425674086,
144,Temperature,0,1.0,1.0,43,305.9210888789556,87.29161329951543,-3.4660951970556093,-900.1773487503143,2.7884850119593443,0.44804265136284727,0.001788819194662966,
145,Temperature,0,1.0,1.0,44,305.7916736192589,31.414482613845554,10069.354605403352,-1450991.893227191,3.0401246666310646,1.9992058302989055,7.890286778526279e-08,
146,Temperature,0,1.0,1.0,45,305.78540063761756,61.96923201780787,211.509259732286,-85726.33810605285,3.3431303512789574,1.3494400014994865,1.776868091707341e-06,
147,Temperature,0,1.0,1.0,46,305.79167388503964,31.411788609031504,10072.262196974807,-1451263.321830632,3.040079406143101,1.9992574838899722,1.0078418026527006e-07,
148,Temperature,0,1.0,1.0,47,305.8229711090616,248.9524176644694,-533.1921838311055,-908739.1492469299,3.999945562206451,1.512511264867935,0.002308276893583214,
149,Temperature,0,1.0,1.0,48,305.79291431745855,33.326770996009394,9567.350514707468,-1548564.8788295682,3.0696771574016366,1.9995307845374701,5.4074481729570145e-05,
150,Temperature,0,1.0,1.0,49,305.7928566302554,33.1923638489788,9599.796692637321,-1569538.054360667,3.0665975167121218,1.999952109167488,9.970820445911903e-05,
151,Temperature,0,1.0,1.0,50,305.7916695725345,31.37485710339123,10108.298631029465,-1454048.904460747,3.0394523596446863,1.9998457187495655,0.0006341321094188682,
152,Temperature,0,1.0,1.0,51,305.6867192939305,114.96764071705537,37.936978162199004,-11187.744622864258,3.737639358486485,0.8507541488931405,0.00011519763588846782,
153,Temperature,0,1.0,1.0,52,305.7916413862715,32.45576288879938,8814.510435441047,-1327881.9603957906,3.0572554422161677,1.976544704931987,9.400755097324384e-06,
154,Temperature,0,1.0,1.0,53,305.7879451467353,53.06462576178662,570.0631667648864,-183990.76400419322,3.282634982407328,1.51706164080254,3.1652837027022497e-05,
155,Temperature,0,1.0,1.0,54,305.7929146728423,33.32801577972732,9566.24305730806,-1548621.5923512513,3.0696771574016366,1.9995307845374701,5.4060802793161084e-05,
156,Temperature,0,1.0,1.0,55,305.79167581958563,31.4029943496036,10087.870349975183,-1453233.3939428779,3.0398974105413474,1.9995636550734566,2.9629850296274628e-08,
157,Temperature,0,1.0,1.0,56,305.79079486168257,35.336245576183615,5735.521455630133,-904533.6026130838,3.1144176982636114,1.888567523867833,0.0011539774126184163,
158,Temperature,0,1.0,1.0,57,305.78878795360083,20.500779527227586,8540.91421140858,-861987.3648394666,2.7816418177520976,1.9999986254129498,0.0004021286071546051,
159,Temperature,0,1.0,1.0,58,305.79087780608194,34.85753664498705,6239.628604010776,-962228.5704785098,3.1079648742558588,1.9024538545042438,9.83492499537607e-06,
160,Temperature,0,1.0,1.0,59,305.789931428281,49.11562334525534,804.1081411159944,-246561.1256026583,3.2438225809455625,1.5862450371507224,1.7763637572339958e-05,
161,Temperature,0,1.0,1.0,60,305.7875322054769,116.58606073014003,1146.3325327015968,-488065.7657306057,3.999938569663573,1.5397215950700365,0.002297895149222937,
162,Temperature,0,1.0,1.0,61,305.7916746508443,31.394165962395313,10098.852193947825,-1454488.8562189112,3.0397102151086357,1.9997800486858197,7.89315488492928e-08,
163,Temperature,0,1.0,1.0,62,305.78569362088615,59.66922383337381,236.32849247305376,-91581.6000788071,3.325276527741914,1.3690983187241113,1.9155668642025037e-05,
164,Temperature,0,1.0,1.0,63,305.9210868567091,87.27267791956261,-3.466898199076457,-900.1106109752542,2.788368798180536,0.4480721337205882,0.0018186892314934657,
165,Temperature,0,1.0,1.0,64,305.7916633539077,32.3868465139795,9005.948267843474,-1351302.3664579825,3.0563405591547834,1.9800411031965308,2.045816297198525e-05,
166,Temperature,0,1.0,1.0,65,305.79165805667816,31.4818255714923,9865.200949704253,-1427478.0761188741,3.0410656870783366,1.9959189394725942,2.2409460479455374e-07,
167,Temperature,0,1.0,1.0,66,305.79187770754265,32.69817454243141,10316.996019326474,-1553656.7249512575,3.0645536969354534,1.999997644331443,7.35523447751421e-05,
168,Temperature,0,1.0,1.0,67,305.7908133538565,31.82808919573452,7925.629972647523,-1126361.9404293557,3.0483825024158957,1.9499614489206432,2.6548425203407847e-05,
169,Temperature,0,1.0,1.0,68,305.82188752713586,248.46184274301143,-446.68195993594435,-817566.1553492184,3.9997361356625336,1.4934333169306537,0.0016824826949587148,
170,Temperature,0,1.0,1.0,69,305.9371015334644,90.91684337641239,-3.14271696416453,-804.2616685361221,2.7771618621170773,0.418991141246032,0.0018338662548713905,
171,Temperature,0,1.0,1.0,70,305.7927168455464,32.158916609521306,9462.06410742423,-1487339.4094044587,3.0482104233383547,1.9999311913135598,3.7658083472576694e-05,
172,Temperature,0,1.0,1.0,71,305.78302176314185,154.1242878676352,252.02445753584536,-182608.887061784,3.999760755597923,1.3072109474526696,0.0020982938085218213,
173,Temperature,0,1.0,1.0,72,305.9201075072971,87.8153693990184,-3.5074346862246157,-920.0950529914434,2.7942597995111487,0.45090901782492787,0.0018315100022897083,
174,Temperature,0,1.0,1.0,73,305.79078557417,35.34449616727659,5726.468283347845,-903163.6009677504,3.1145547258067294,1.8882406449776146,9.460431102586652e-06,
175,Temperature,0,1.0,1.0,74,305.7916795792321,31.390744838192546,10108.839302070135,-1455969.5821123691,3.039638011968214,1.9999900073481611,1.0385895979348477e-07,
176,Temperature,0,1.0,1.0,75,305.6785475418521,133.76395896222112,31.470992638460345,-10603.220839358757,3.821746298545803,0.8120155268830056,9.604701574118751e-05,
177,Temperature,0,1.0,1.0,76,305.791683382087,31.398859755289298,10104.340714814833,-1455795.5436805654,3.039806072812561,1.9999164028517447,1.094479453980169e-07,
178,Temperature,0,1.0,1.0,77,305.7916769074567,31.44146933235699,10045.506791768255,-1449613.3386568937,3.040532808014216,1.9988606897022698,3.001797579824582e-05,
179,Temperature,0,1.0,1.0,78,305.7826107722264,156.24887252793178,227.80205751657113,-169491.81359903046,3.9998543648835017,1.2910426821966732,0.0021248070409033482,
180,Temperature,0,1.0,1.0,79,305.7916796207415,31.38800475779888,10107.281431698446,-1455533.9675524207,3.0395941779391116,1.9999534639111523,0.0006046964838112105,
181,Temperature,0,1.0,1.0,80,305.7846685565371,154.5173143686309,257.37534257507735,-192207.63747701445,3.9997995537984945,1.3162132695421036,0.0020971487438671927,
182,Temperature,0,1.0,1.0,81,305.7916784271966,31.379829135185837,10106.091048860493,-1455159.3904025012,3.0394224728965438,1.9999647919759083,0.0006047319546323462,
183,Temperature,0,1.0,1.0,82,305.79271448520643,32.148404092190574,9458.598009838945,-1485326.8015178032,3.048099521032421,1.9998276079919974,2.8926596760458707e-05,
184,Temperature,0,1.0,1.0,83,305.6867358608113,114.88476323226456,37.952193973812484,-11184.58253922028,3.7371881602171326,0.8508408961409645,0.0012789350189351153,
185,Temperature,0,1.0,1.0,84,305.7916626346337,32.383614391252095,9007.13076823507,-1351335.8634660922,3.05628264206074,1.9800673555289503,9.357441297136144e-06,
186,Temperature,0,1.0,1.0,85,305.7916760180268,31.38812085241829,10104.067932402499,-1454784.8450454213,3.0396275663712036,1.9998564446170357,0.0006046333698002055,
187,Temperature,0,1.0,1.0,86,305.78275947449583,155.12162537504034,237.618694789685,-174359.63313128272,3.999975779830491,1.2975942592055971,0.002099137332911838,
188,Temperature,0,1.0,1.0,87,305.79166936461434,31.41727791807841,10059.134925326576,-1449517.646939752,3.0401811113300536,1.9990016110829734,1.366755802626218e-07,
189,Temperature,0,1.0,1.0,88,305.6108101501877,263.7844524504361,6.959922652120354,-4509.8043944117035,3.9902020218200107,0.5268566419351073,0.00010511233315529782,
190,Temperature,0,1.0,1.0,89,305.79188169399816,32.697410183887904,10310.74447471575,-1553137.4024607535,3.0645026934572037,1.999947437557669,7.322049548796571e-05,
191,Temperature,0,1.0,1.0,90,305.7916759812771,31.441527984344642,10040.968902946815,-1448909.5038091275,3.0405445083147935,1.9987728422921573,3.0103337337713454e-05,
192,Temperature,0,1.0,1.0,91,305.78775329956534,57.10867412575516,289.7913096830192,-111629.69042511734,3.303836400115469,1.414295266877497,1.5218449173100033e-05,
193,Temperature,0,1.0,1.0,92,305.7846618923268,154.52696205984026,257.1915582975983,-192077.5975466428,3.999801570509091,1.316077714099103,0.0020971686719562805,
194,Temperature,0,1.0,1.0,93,305.79297407527145,31.285077801499213,14375.74239479665,-1476771.973679199,3.1712423813909276,1.9995721499144576,0.001137453749950773,
195,Temperature,0,1.0,1.0,94,305.9307227005644,97.02199065115374,-3.223489492848396,-919.1085390183503,2.824473274128658,0.4301268577496987,0.0019288270725821754,
196,Temperature,0,1.0,1.0,95,305.7898766256996,23.961020579867597,9113.542188019986,-1068424.8001696367,2.874424322199411,1.9999252098619749,0.000446808358554719,
197,Temperature,0,1.0,1.0,96,305.8253084583406,271.23674132593624,-86.71210598554275,-204327.80015252487,3.9986449893007427,1.2225013599285461,0.001484679615739823,
198,Temperature,0,1.0,1.0,97,305.79167430433364,31.36796282585854,10099.018220068123,-1454479.5601058095,3.039036354588136,1.9999662806383438,6.06822088364231e-05,
199,Temperature,0,1.0,1.0,98,305.7918787949453,32.696088667099374,10313.090469498627,-1553096.7945328215,3.0645026934572037,1.999947437557669,7.337876933104669e-05,
200,Temperature,0,1.0,1.0,99,305.79167623301214,31.411741676377414,10077.62269295605,-1452173.8371750233,3.0400746290406078,1.9993735069595595,8.744055004459528e-08,
201,Temperature,0,1.0,1.0,100,305.79167487923996,31.412711235829136,10074.242550804915,-1451625.4712606212,3.040092167032145,1.999296642450727,6.021303524955928e-08,
202,Temperature,0,2.0,0.0,0,305.7908426964226,145.59722770254578,440.5617226422194,-312744.8334067506,3.9998415696232765,1.4165978249624676,0.004255216368289078,
203,Temperature,0,2.0,0.0,1,305.7942277479682,33.782676112333746,11745.05167183604,-1584737.1567660058,3.1481713070304105,1.999993924580077,0.002064748622716643,
204,Temperature,0,2.0,0.0,2,305.79902723468246,160.7923393208446,400.83805386040177,-450237.9997325203,3.999961013346911,1.465179794894842,0.0005385006086100057,
205,Temperature,0,2.0,0.0,3,305.7970185729558,135.87663346522058,850.4392559736651,-556576.744661744,3.999840934180248,1.5357233851354257,0.0027658847635638906,
206,Temperature,0,2.0,0.0,4,305.7959371553625,154.42997269488464,379.0289755227838,-332179.1046129492,3.9999942325055597,1.416414521300855,0.003324321004872476,
207,Temperature,0,2.0,0.0,5,305.8000286416888,147.25100919129693,419.6343315617873,-366756.00263015914,3.9998113811016074,1.4446723851685717,0.0037664714499716285,
208,Temperature,0,2.0,0.0,6,305.8006720115774,58.86463217611225,11245.030906990676,-2936077.914752517,3.499676909811875,1.9999731613182425,0.00102955200857685,
209,Temperature,0,2.0,0.0,7,305.7895000201934,111.61287725245025,1065.2977581583668,-461044.1859017953,3.9043392181396497,1.5364857554435725,0.0026782886223317834,
210,Temperature,0,2.0,0.0,8,305.80951252203783,63.227658846273016,8103.624803160361,-3112536.3920968114,3.51646810416163,1.999994852976151,0.0023163942745601973,
211,Temperature,0,2.0,0.0,9,305.81372522798364,146.65535238277394,836.1930628902271,-1056840.6375120315,3.9999573321081714,1.6396974897962844,0.003678368416364541,
212,Temperature,0,2.0,0.0,10,305.79266789629855,134.08989150003438,480.76064576319413,-298470.34779369505,3.999950053542851,1.42503881402469,0.003008754500762654,
213,Temperature,0,2.0,0.0,11,305.76154670538943,173.29657271828367,75.4567971057989,-55495.10644507594,3.9982036288827656,1.0676078349830482,0.003113869640863714,
214,Temperature,0,2.0,0.0,12,305.78246896118185,138.73827184775402,360.17601471236543,-205250.87315453583,3.9977375024583948,1.3483895589485053,0.0013193661123055418,
215,Temperature,0,2.0,0.0,13,305.81149356653384,99.13222105262894,6957.228766073261,-5048857.014568826,3.7964146445659033,1.9999981798123416,0.0025876813556293785,
216,Temperature,0,2.0,0.0,14,305.7672358488066,145.48678614983717,200.78008531084396,-108898.91781851687,3.998912007412072,1.2224701944515988,0.001690986412552955,
217,Temperature,0,2.0,0.0,15,305.80493196296317,73.19790364791461,9394.415446399273,-3691848.923650357,3.6111483120872983,1.9999446557994485,0.0006552394638119201,
218,Temperature,0,2.0,0.0,16,305.80264588117507,74.6058115437872,10598.403448625875,-3799379.6277259723,3.6482400558160872,1.9999993840892127,0.002212056921519416,
219,Temperature,0,2.0,0.0,17,305.790401504807,91.40637648016012,957.907143148704,-373472.82556802104,3.7427932951185436,1.537379042307535,0.002256463574783404,
220,Temperature,0,2.0,0.0,18,305.8133041780351,75.70943110215188,5698.631583127956,-3731909.5289585995,3.611314334209723,1.9997727233604219,0.0008245851938405099,
221,Temperature,0,2.0,0.0,19,305.81426927436394,116.66436698967227,4302.249896874829,-5938312.424501773,3.868833130293205,1.999984710251172,0.0023676934093955185,
222,Temperature,0,2.0,0.0,20,305.8082824674032,92.30033616182172,7426.48374334184,-4639029.576233412,3.7510248577222236,1.9983279083506211,0.001945294720231854,
223,Temperature,0,2.0,0.0,21,305.7848513235647,137.36672497517753,324.58982079379734,-192271.16719000926,3.9938542895019054,1.338593757820006,0.0007644387145055482,
224,Temperature,0,2.0,0.0,22,305.77347528774436,154.08633465746573,231.2073458713738,-152198.8034194628,3.997392180562019,1.2729314392225612,0.0009221790581790429,
225,Temperature,0,2.0,0.0,23,305.80013710785795,140.03146801321301,1123.3698501846118,-872474.9691039779,4.0,1.6111111111111112,0.0019240484296726133,
226,Temperature,0,2.0,0.0,24,305.78863672078745,148.14005233063313,312.85706150970515,-225095.35181815032,3.99931081256182,1.3536910348313465,0.000998119567071047,
227,Temperature,0,2.0,0.0,25,305.802702562302,152.17086175109864,880.6768021622813,-949198.3975513703,3.999933543353256,1.611073756948839,0.003008977310157727,
228,Temperature,0,2.0,0.0,26,305.80104819638075,148.04875079640834,637.1818649753453,-568428.752618323,3.9990130845224474,1.5230812272027845,0.0001077707581736023,
229,Temperature,0,2.0,0.0,27,305.79525996072954,40.11327700488525,10676.042863574123,-1931553.7753739832,3.2222222222222223,2.0,0.000860222429226425,
230,Temperature,0,2.0,0.0,28,305.79703790878307,48.67572757984373,6435.457007207871,-1549853.9010425066,3.33921743786074,1.923316290161165,0.0022483908758617437,
231,Temperature,0,2.0,0.0,29,305.7922427016732,91.36654701954981,638.0648910100319,-291567.06021250086,3.7094136873881007,1.4949558840857602,0.002808699777312214,
232,Temperature,0,2.0,0.0,30,305.7808792648608,114.70847537831406,669.4315625125001,-245372.2572406824,3.998767590150236,1.4165117683742814,0.0016940946714308468,
233,Temperature,0,2.0,0.0,31,305.780757572543,138.27724784093067,316.43569438086547,-171033.79129496551,3.9976715087890624,1.314654922485351,0.0014778887086588038,
234,Temperature,0,2.0,0.0,32,305.79644243772566,44.362837783119176,10311.388746332335,-2115209.656766215,3.305408991291052,1.9999998784209696,0.004032484215381097,
235,Temperature,0,2.0,0.0,33,305.76857663967735,156.0821489579843,136.59847871676507,-87289.94857605205,3.999518716335296,1.1704453771313028,0.0037273111134456184,
236,Temperature,0,2.0,0.0,34,305.7880613990447,157.34567660764364,218.2651628441414,-195500.63424419836,3.9872802734374995,1.316697523328993,0.0026684257680426194,
237,Temperature,0,2.0,0.0,35,305.7990096223501,56.28128987826422,11044.478002273716,-2785880.405243561,3.462038064797529,1.999942875904202,0.003871666865011105,
238,Temperature,0,2.0,0.0,36,305.80402512034783,137.44559602143744,1081.6978376779862,-850170.4767029295,3.999736714031314,1.611090534105662,0.002274065566631933,
239,Temperature,0,2.0,0.0,37,305.79997815353084,130.46059982814776,1100.3341257252691,-874406.3569631247,3.9301737949252127,1.6260335025481045,0.001843792679324499,
240,Temperature,0,2.0,0.0,38,305.789297333367,165.37930328088174,183.74719354097195,-172386.32547737478,3.9995847702026364,1.2843472030427723,0.000711395046636264,
241,Temperature,0,2.0,0.0,39,305.8128176711014,144.47945406983732,2651.590273101951,-3842672.8714506268,3.9999985123256954,1.8779266646333286,0.0011871132697081838,
242,Temperature,0,2.0,0.0,40,305.7861421701142,139.21390496751286,549.1326907769478,-328982.9191972804,3.9929503545165073,1.432859924978887,0.0001181856942445396,
243,Temperature,0,2.0,0.0,41,305.79819213441783,79.99592846676609,2869.3018283419756,-1190856.6125669775,3.6250836158223043,1.775891593793252,0.001214468514496355,
244,Temperature,0,2.0,0.0,42,305.8193404552303,153.2987163954812,1288.011712495077,-4021099.240847593,3.9999596140412885,1.8767597435846832,0.0016229148559048835,
245,Temperature,0,2.0,0.0,43,305.7991623836949,140.50142299423044,915.8230224660239,-703349.0320156268,3.9999342624293197,1.5718572015978105,0.002029297141606911,
246,Temperature,0,2.0,0.0,44,305.7868907261822,127.24760442409382,618.5033398399298,-307623.79356972146,3.9999049574136727,1.4381329893755423,0.0033361917820055433,
247,Temperature,0,2.0,0.0,45,305.7983360087779,68.33086650310584,3933.0441292958476,-1442801.8279943033,3.5411221575147156,1.8430090453863768,0.0036776435995671806,
248,Temperature,0,2.0,0.0,46,305.7918655924656,144.3087024526185,436.59133571778904,-307665.86185177584,3.9986790359020232,1.4156542057171464,0.000970033808095467,
249,Temperature,0,2.0,0.0,47,305.7820108498779,126.66885446077262,469.534444811758,-222297.70516054487,3.9934528917262875,1.3805540290860283,0.0024387662937647163,
250,Temperature,0,2.0,0.0,48,305.8004795238954,61.70973052907697,7419.645030983938,-3025927.42589431,3.4585584884890075,1.999999213398493,0.001139680296151106,
251,Temperature,0,2.0,0.0,49,305.76926837707003,131.1843436665704,417.76837630148026,-183353.294579595,3.9993639469146727,1.3367023557424562,0.0013126407101865685,
252,Temperature,0,2.0,0.0,50,305.7909725270915,125.86398920029526,1152.407028497694,-594858.0756462035,3.9956366222293576,1.5611113867708717,0.0014324747138170731,
253,Temperature,0,2.0,0.0,51,305.7909191683229,138.7998245705009,481.75861957256745,-298222.76477264566,3.9998777292843437,1.4167276837407676,0.002287152124829247,
254,Temperature,0,2.0,0.0,52,305.8048550650878,152.5797343163535,826.5391516950764,-945938.3570402917,3.9999636064283557,1.6107741608239143,0.0029926992384915526,
255,Temperature,0,2.0,0.0,53,305.7716925645997,149.92319290577075,223.10355698861025,-136908.7776574406,3.996502685546875,1.2595037672254776,0.0010192546845522493,
256,Temperature,0,2.0,0.0,54,305.80437343053813,146.95550339305603,341.04740210648555,-312083.78269782197,3.9971650948748003,1.4167493900419992,0.0019874449445236022,
257,Temperature,0,2.0,0.0,55,305.7675536167745,125.69528362401994,442.96598746501513,-174945.1910636139,3.999702573567628,1.3350813387117053,0.002616370745421919,
258,Temperature,0,2.0,0.0,56,305.79927079700474,156.19748096914336,558.8519566067217,-573032.4858691931,3.999912220565611,1.5136549366372902,0.001244697994591153,
259,Temperature,0,2.0,0.0,57,305.80187266555254,157.00425994229784,453.75936797044847,-496903.64040019066,3.9999860343523324,1.4876419633345601,0.0043519450454575954,
260,Temperature,0,2.0,0.0,58,305.7818867062614,125.79020275591684,498.82033982250806,-225564.040905804,3.9998339073288474,1.3840139334015977,0.002588306584036521,
261,Temperature,0,2.0,0.0,59,305.7842669387834,126.56083899575229,445.717713406426,-224415.22082811024,3.9720161914825427,1.3833175788323073,0.0006443103220990826,
262,Temperature,0,2.0,0.0,60,305.7481273938166,154.74151777564612,71.14594684144286,-37926.77771411548,3.994940594583749,1.018887077569444,0.0030527404520953763,
263,Temperature,0,2.0,0.0,61,305.7878452803403,151.26011315403753,209.86390126927597,-157175.29255280475,3.9993852160871026,1.2843032686143285,0.0024869766200282216,
264,Temperature,0,2.0,0.0,62,305.81065723731325,71.0452166478534,4545.415263582717,-1882767.636031743,3.6055966376120008,1.8865355671926716,0.001670949754483011,
265,Temperature,0,2.0,0.0,63,305.7999046684365,158.42063547753023,459.720002967879,-502217.4024319569,3.9996436678393357,1.4876943748193645,0.001333297259284295,
266,Temperature,0,2.0,0.0,64,305.7792929393421,157.73345806556202,265.50801551332995,-194771.59511178161,3.9998513221740732,1.3141517175568476,0.0023552829806744967,
267,Temperature,0,2.0,0.0,65,305.81512717610207,102.53967174705774,4456.270425588183,-5155423.324290221,3.7828786441850784,1.999999736669181,0.0027984594276501437,
268,Temperature,0,2.0,0.0,66,305.7937709055317,155.31661310691285,267.9531492752668,-265846.30914442963,3.960447509436765,1.3752149149788404,3.4342667393504255e-05,
269,Temperature,0,2.0,0.0,67,305.81583240520814,136.452848510856,3577.1290899719806,-4183500.3214518335,3.9737389549613003,1.903580853224008,0.0006872692407403415,
270,Temperature,0,2.0,0.0,68,305.8087229404665,67.43524265027867,7871.433706801039,-3340813.0094658053,3.5504253439400433,1.9999998007332125,0.0028208897730368446,
271,Temperature,0,2.0,0.0,69,305.7617469823576,161.18515464757337,100.07956652661878,-65753.18125909354,3.9916745030300436,1.111526977093394,0.0004930449181198939,
272,Temperature,0,2.0,0.0,70,305.7945435111453,132.7967765676065,1175.6770413162533,-689488.818425083,3.996930092573167,1.5773904696934755,0.0003226616089797004,
273,Temperature,0,2.0,0.0,71,305.7815381945996,148.85849524033094,396.10826067350695,-275133.6976651474,3.9997865967452575,1.3887618722006,0.0025753202559711474,
274,Temperature,0,2.0,0.0,72,305.79310527898565,143.40809760265105,543.0719194768992,-393920.4552892761,3.994755148887635,1.4611749154826008,0.0004925863329858607,
275,Temperature,0,2.0,0.0,73,305.7908609697255,139.42392913692314,503.94338950769935,-310165.76354597136,3.9991564112366174,1.4227011401995695,0.0026172940649489057,
276,Temperature,0,2.0,0.0,74,305.7981081889157,53.25630450970442,11098.552825682687,-2218675.343598381,3.4823596333670963,1.9677858234952321,0.000360995656482647,
277,Temperature,0,2.0,0.0,75,305.7771901104304,135.58049156117613,384.8454767693756,-197541.7038951,3.999842439591885,1.3460079848921551,0.004344917765908863,
278,Temperature,0,2.0,0.0,76,305.7989016889692,87.08543469605402,2107.0089091997083,-792263.776985047,3.764893916745981,1.6853489219728452,0.0009308095175678191,
279,Temperature,0,2.0,0.0,77,305.79975962693334,48.10918601977175,10657.006079453151,-2360708.103064618,3.3502275481676396,1.9999997837463093,0.0015126433134946668,
280,Temperature,0,2.0,0.0,78,305.77719654735495,31.18766868996244,3349.3976636216776,-325617.34969983227,3.1075269893697817,1.723316806137317,0.0009877326170401855,
281,Temperature,0,2.0,0.0,79,305.80384074532446,139.64913389278524,1327.6845632176637,-1075857.2212374392,3.999607142750212,1.6505420035186842,0.0026370942849531557,
282,Temperature,0,2.0,0.0,80,305.79007803074376,57.39537954133684,2725.799744353853,-602508.8888425514,3.4716856497753827,1.7142152874730523,0.0017301756394896277,
283,Temperature,0,2.0,0.0,81,305.78230853226796,174.52602119244239,96.84241137487946,-94051.4864629178,3.9979814678430583,1.1630235734085224,0.002983297099011315,
284,Temperature,0,2.0,0.0,82,305.78642802959763,131.50008486127595,563.4514219212103,-284677.3324196518,3.9999486153188633,1.4181795633204581,0.001715314878805283,
285,Temperature,0,2.0,0.0,83,305.7918753602733,98.3853614748955,1262.720625077648,-555189.9409582015,3.807188916020097,1.5978752277118864,0.0024821901865696356,
286,Temperature,0,2.0,0.0,84,305.77123877221516,47.26034302865689,921.0605284457182,-137134.93898347538,3.367912620347408,1.483331412014862,0.0014306537457672785,
287,Temperature,0,2.0,0.0,85,305.7955753215572,91.61748881878516,966.6342146126135,-469779.5953355231,3.7092086853614705,1.5821303797445987,0.0006376338971635699,
288,Temperature,0,2.0,0.0,86,305.7912942119216,149.2003154331814,382.60420164525425,-289967.49766471446,3.9968708038330063,1.3981180548667917,0.0011269194871708131,
289,Temperature,0,2.0,0.0,87,305.7786996791234,128.5372354159973,361.99673513923113,-168206.56414235986,3.9977526545524595,1.3263160331795625,0.0021208478008009255,
290,Temperature,0,2.0,0.0,88,305.7822592903501,128.04463685827145,533.1231056007,-257357.29276230803,3.9951521188020704,1.4054477655018367,0.0012598097095819878,
291,Temperature,0,2.0,0.0,89,305.78131648568655,120.7081013539572,250.68272424110828,-166775.67874462216,3.799417609908333,1.3387164297985807,0.0011879426938697331,
292,Temperature,0,2.0,0.0,90,305.789807166898,110.36278633721389,1186.6050575445238,-554402.3491198313,3.8579493224620824,1.5720020200436307,0.0004158600080113366,
293,Temperature,0,2.0,0.0,91,305.7904039285028,146.40441014159597,404.14002624653216,-294022.0934791262,3.9960062295198435,1.404657029515753,0.00010623944033725595,
294,Temperature,0,2.0,0.0,92,305.77730832635683,149.21722819154675,355.9446264341681,-218307.7175965347,3.999824333190918,1.344675121704738,0.0024761719630870837,
295,Temperature,0,2.0,0.0,93,305.797281535929,60.13204709353342,3166.368666320629,-915109.9949323178,3.478343377303746,1.7861968640858925,0.002525325271832283,
296,Temperature,0,2.0,0.0,94,305.79850682966463,56.86425809909657,2985.2487795621932,-1149057.0379191407,3.3815266304545943,1.8401115655899045,0.0011334650028373592,
297,Temperature,0,2.0,0.0,95,305.80547457842835,71.26660973313112,6830.980671929365,-3513235.7991132606,3.5663719340190014,1.9999959007649946,0.0017232108210517595,
298,Temperature,0,2.0,0.0,96,305.8083866839084,68.46159707600482,9554.124315476885,-3405200.196827702,3.611111111111111,2.0,0.0017436977186718304,
299,Temperature,0,2.0,0.0,97,305.79197698968215,55.31037072144921,3082.8454334715643,-748091.2611107543,3.4229974435939883,1.7638286364963274,0.002239416213903579,
300,Temperature,0,2.0,0.0,98,305.8021638489867,64.05740804987889,10611.29806154736,-3207993.2409876063,3.5461690058709836,1.999998805033829,0.0039993435346211414,
301,Temperature,0,2.0,0.0,99,305.7921062422748,153.72406004875467,341.0455610609794,-276975.5898377956,3.999768797773868,1.3838918608021529,0.0036701395232211598,
302,Temperature,0,2.0,0.0,100,305.8000410438878,144.37812947065544,1042.425416815528,-899925.3893392948,4.0,1.6111111111111112,0.0015285078187628229,
303,Temperature,0,2.0,1.0,0,305.79196432008274,29.40005996185724,13042.472406284927,-1366966.6296074765,3.083089975212062,1.9999986229129947,0.001556622598445416,
304,Temperature,0,2.0,1.0,1,305.7914796360776,118.49529699437637,1474.9548026848565,-619331.3880464425,3.9999999798109767,1.5798865096516592,0.0008870997932284762,
305,Temperature,0,2.0,1.0,2,305.7886104494998,42.24255262477452,1558.0016588837843,-303648.9931366527,3.235303722745453,1.657054321498126,0.0002847173309033855,
306,Temperature,0,2.0,1.0,3,305.7752594371542,137.35766909145886,302.50834285572313,-154626.13934140446,3.9999998907875174,1.2977555208294516,0.0007483173895070503,
307,Temperature,0,2.0,1.0,4,306.6863807914321,-1.2136595295100057,-7.390647383535299,15.197048268441925,0.5000898743594022,0.25028140475169536,0.0015667923647670022,
308,Temperature,0,2.0,1.0,5,306.6211932911805,-1.768305996727872,-6.280408568194989,15.936281951806103,0.5001203715801241,0.2500198855996131,0.0011156193820422604,
309,Temperature,0,2.0,1.0,6,305.7859354667136,22.68112853139425,10433.663964513655,-982418.5705991056,2.8714687045472704,1.9999995594037363,0.00041640944047936166,
310,Temperature,0,2.0,1.0,7,305.80235834285634,123.96611138455245,4791.818313759178,-2603879.269137084,3.999999534468224,1.8311991711418107,0.001256005158221199,
311,Temperature,0,2.0,1.0,8,305.7915071433676,30.201971419837978,11301.939463869076,-1222328.4287571213,3.0998268104797115,1.9751167015185793,5.1209681564024074e-05,
312,Temperature,0,2.0,1.0,9,306.5105315212627,-1.576905478437092,-5.7361341540927,14.985764679619708,0.5,0.25,0.00138870109004092,
313,Temperature,0,2.0,1.0,10,305.7850570146907,106.81417597168448,2064.6086895487697,-674203.3352439359,4.0,1.6111111111111112,0.0017810093092380482,
314,Temperature,0,2.0,1.0,11,305.76709711469425,77.85525948619429,1557.1713941921093,-264124.78491322324,3.999999972646277,1.4964547715570091,0.0011543252685106552,
315,Temperature,0,2.0,1.0,12,305.7979782301971,61.33276729987807,2130.6919301264575,-2905278.563664729,3.363067480065663,1.999999935594714,0.0016965724318598802,
316,Temperature,0,2.0,1.0,13,305.7585224510494,71.50596029066388,1769.8264968131912,-254056.04611675115,3.999999975518308,1.5004604448072172,0.0016921991916169807,
317,Temperature,0,2.0,1.0,14,305.79813168290764,28.99429698224434,8781.062308506429,-1265329.592592996,3.0455679929637633,1.999999992609889,0.000554303754592347,
318,Temperature,0,2.0,1.0,15,305.80148352946117,111.61361471796731,5941.186229502887,-2551470.862973671,3.9999988203215593,1.8472583528957895,0.0006771952581847609,
319,Temperature,0,2.0,1.0,16,305.74320926918654,61.9499739286435,210.6284104543588,-36390.03251196116,3.5253489427763087,1.1894224054202183,7.603700471999896e-05,
320,Temperature,0,2.0,1.0,17,305.81738116515606,52.41067407018094,-341.7955126383138,-2316523.458375998,3.327338962263379,1.9999997452271145,0.0012619527201137687,
321,Temperature,0,2.0,1.0,18,305.78969382957183,34.2573376982693,3157.4971585951457,-520421.1389020661,3.0878610460934093,1.7992483680201796,0.0009933998902729442,
322,Temperature,0,2.0,1.0,19,305.7988288598762,30.879414317878062,11298.530762405211,-1382509.642149354,3.1498653428446772,1.9999999955588597,0.0007731789217042035,
323,Temperature,0,2.0,1.0,20,305.78334214144263,34.39598310665308,2159.3680406618123,-242212.07430911917,3.1916289015841413,1.6522658062754787,0.00024054277117586877,
324,Temperature,0,2.0,1.0,21,305.78071320702355,28.56277875302715,3395.3202064819507,-309014.6994105458,3.0699324998298025,1.736862600650718,3.9681185423529004e-05,
325,Temperature,0,2.0,1.0,22,305.76030082031065,81.29188368210237,690.3792155380105,-128070.4619511692,3.999999971421102,1.3606919046583625,0.001112897145917336,
326,Temperature,0,2.0,1.0,23,306.82040147753116,-2.023317568546188,-7.613294117935131,17.99498752740811,0.5,0.25,0.0014015571624158146,
327,Temperature,0,2.0,1.0,24,305.7896501768354,35.97772092148192,6464.589814796207,-798283.8589256288,3.2336425198004344,1.858363258523215,0.0009088816064660532,
328,Temperature,0,2.0,1.0,25,305.8185257342781,55.718289407889294,-45.61677864475605,-16897.128246016746,3.0409451036039545,1.0888397196062378,0.0016570076708620123,
329,Temperature,0,2.0,1.0,26,305.7948868117313,48.759599639850904,4809.606938856756,-814427.2171828107,3.4392592041497076,1.8025688498889085,0.00011165109243223386,
330,Temperature,0,2.0,1.0,27,305.7870931469858,14.758029361845303,-1009.6696541350374,-489729.9373435525,2.4564873836881027,1.9999987252307179,0.001307750296278952,
331,Temperature,0,2.0,1.0,28,305.7776395805476,130.63289226189545,588.4158531373832,-280316.3911888992,4.0,1.4166666666666667,0.0015523445182211,
332,Temperature,0,2.0,1.0,29,305.79221711278467,30.788604194612102,9557.903260122468,-1409637.558118002,3.0321101653165137,1.9999998186757586,0.0009782211661303892,
333,Temperature,0,2.0,1.0,30,305.799838094403,39.821905754902744,8998.008034818173,-1844277.9690400553,3.2222222222222223,2.0,0.0005945572909936748,
334,Temperature,0,2.0,1.0,31,306.93074882550115,-2.2288520876306968,-8.163011281647604,18.994807156868198,0.5000185805145634,0.2500089638141731,0.0015215879604200695,
335,Temperature,0,2.0,1.0,32,305.78841637541643,77.79624613005053,1209.2121783674822,-401915.38557038025,3.6259885165113857,1.5820202507410124,0.0002807915341165836,
336,Temperature,0,2.0,1.0,33,305.79292943021323,34.94473496602935,13007.861041741417,-1667765.7242733294,3.186340557200475,1.999999146897585,9.807562540717835e-05,
337,Temperature,0,2.0,1.0,34,305.80093487401837,131.8773063526403,1969.620339777573,-1290020.3947832983,3.999975053966046,1.692885088268667,0.0012601062125256173,
338,Temperature,0,2.0,1.0,35,306.4428660314195,-1.730692637486553,-5.057059356167095,14.860773044395925,0.5000313201919201,0.25000700294040146,0.0012568012769458396,
339,Temperature,0,2.0,1.0,36,305.75223691663774,81.91931100650936,455.79577514670024,-83795.24200800154,4.0,1.2833333333333334,0.0003419305984932905,
340,Temperature,0,2.0,1.0,37,305.7898419762853,25.931821945066023,-1581.2698327280657,-412236.56678207836,2.7557434430895187,1.8416873648326173,0.0011676647740958,
341,Temperature,0,2.0,1.0,38,305.7906887400414,27.07686966504726,-2986.6469956467104,-1025345.2590783326,2.8116841130633174,1.9999991887982116,0.0012333747511776988,
342,Temperature,0,2.0,1.0,39,305.783913835231,136.4113757143296,462.9302165681378,-260697.06558435987,3.9999998925895266,1.3967496214971762,0.000784477870028279,
343,Temperature,0,2.0,1.0,40,305.78702713268683,40.353783664823105,1654.7543866703088,-284138.5556246997,3.2262085257478033,1.6537683836776043,3.037016074060908e-05,
344,Temperature,0,2.0,1.0,41,306.3795845763317,-1.4627219731689738,-6.008121552300197,17.113362934375825,0.5000000112690028,0.28761172236409116,0.0019455739747537757,
345,Temperature,0,2.0,1.0,42,306.85683883175255,-2.3141340083203357,-7.581384184512676,18.84496232774384,0.5,0.25,0.001525315177467191,
346,Temperature,0,2.0,1.0,43,305.80252103149655,36.1624210863929,-100.76165039765115,-27373.625196723773,2.8456923056044316,1.2715270069439817,0.001261907203301301,
347,Temperature,0,2.0,1.0,44,305.77249873501796,56.18633862159592,337.300120792034,-72930.72669882109,3.412983985660907,1.3394603674630057,0.0001042872161111325,
348,Temperature,0,2.0,1.0,45,305.7943383047446,39.31425390557366,13909.958238129351,-1923677.011793451,3.290830630098411,1.9999988779737214,0.000418719020547854,
349,Temperature,0,2.0,1.0,46,306.53966480399237,-1.7746221137922045,-5.684015567786635,15.45022416053983,0.5,0.25,0.0014461099603135749,
350,Temperature,0,2.0,1.0,47,305.7901767627554,25.67279599995554,-2337.6053646317723,-618289.7733068276,2.7667112390846773,1.9203681553143102,0.0010382286179801052,
351,Temperature,0,2.0,1.0,48,305.82523452705755,138.17596141347795,-625.6312186005357,-2134832.380715703,3.877664614771557,1.7855917937087207,0.0012507339580627077,
352,Temperature,0,2.0,1.0,49,306.5738392292135,-1.6508889953410018,-6.089512963683273,15.445907556981169,0.5,0.25,0.00155198383580222,
353,Temperature,0,2.0,1.0,50,305.7957642111915,44.331246398341186,2209.5576053199593,-1977808.3983396264,3.1825236735082565,1.9999999348706814,0.001378801120067763,
354,Temperature,0,2.0,1.0,51,305.79098000456054,21.08589128678235,5866.76495017307,-814883.6193839534,2.792766955187437,1.999999974898416,0.0015106104409494732,
355,Temperature,0,2.0,1.0,52,305.793570566293,28.366998294739606,6679.519528244798,-1224059.353313419,2.975,2.0,0.0005246549078727225,
356,Temperature,0,2.0,1.0,53,305.8218576968228,135.3516145938351,3641.753487946232,-6848112.862384279,4.0,1.9999999999999998,0.0006868274968490167,
357,Temperature,0,2.0,1.0,54,305.779956251678,38.20042538246309,2000.5604434511813,-277755.1505113929,3.186587202445258,1.6549875072844067,0.0009924549949376338,
358,Temperature,0,2.0,1.0,55,305.77392704662844,95.35251663114232,900.4877475266101,-222872.3295069225,3.999999979689081,1.4305111478570218,0.001269029675593154,
359,Temperature,0,2.0,1.0,56,305.8026743600717,39.66920115852446,-200.04046454393634,-65525.76618462788,2.9392026400427627,1.4111710671652875,0.0014159355601123308,
360,Temperature,0,2.0,1.0,57,306.94765588535455,-1.1733664255425797,-9.230613149784425,16.446918510038234,0.5,0.25,0.0012878217485108995,
361,Temperature,0,2.0,1.0,58,305.76320067683514,62.15083033826241,1579.772130883615,-199950.46796707384,4.0,1.4875,0.0008992898304570482,
362,Temperature,0,2.0,1.0,59,305.7741851576372,88.11422587840212,974.4614522315368,-214972.3134735328,3.999999992899865,1.441403502118093,0.0011916014168973908,
363,Temperature,0,2.0,1.0,60,305.7901539284645,129.8201305079215,1582.3152166630912,-816879.81643936,4.0,1.6111111111111112,0.0012209939200918264,
364,Temperature,0,2.0,1.0,61,306.50425633407195,-2.183588722811189,-5.007350966044213,16.166502802065523,0.5,0.25,0.0020216173292061062,
365,Temperature,0,2.0,1.0,62,305.7807149603209,16.650625838647134,14277.147446913095,-718489.3662874047,2.7175674244702206,1.9999995929521288,0.00037259403690416166,
366,Temperature,0,2.0,1.0,63,305.8215259929929,122.01343885760912,2617.379866832377,-6159947.191934027,3.896467816652268,1.9999942412010359,0.0017257852402635698,
367,Temperature,0,2.0,1.0,64,305.78014635341987,77.01069171786311,2141.4049097510683,-715203.3123535138,3.589558769339014,1.6908780464277804,0.00030322221317386893,
368,Temperature,0,2.0,1.0,65,305.79152475604093,23.043715751450353,13118.262769967194,-1016974.9509381363,2.975,2.0,0.0007746118375989629,
369,Temperature,0,2.0,1.0,66,305.7382824873977,137.14299549529753,123.64198102957334,-50905.03955518546,3.960002436485228,1.093866239442288,0.0007027941990873552,
370,Temperature,0,2.0,1.0,67,305.77965078451524,38.17189796559347,2071.6345280241394,-264583.5662685507,3.2297186355609417,1.647297313363611,0.00028716648140768986,
371,Temperature,0,2.0,1.0,68,305.75701382091574,112.06441466534329,799.5288619773667,-235543.04992867907,3.999999980218903,1.4084391314032105,0.0015910873546327838,
372,Temperature,0,2.0,1.0,69,306.82863437011076,-2.0161228978317287,-7.672161121797777,18.006303298020384,0.5,0.25,0.0016863989610813369,
373,Temperature,0,2.0,1.0,70,305.78412041735095,84.51941118279049,627.4711979071959,-215782.98893030072,3.7060206742678767,1.456155100483291,7.996104029640124e-05,
374,Temperature,0,2.0,1.0,71,306.5669777924541,-1.7796754494120002,-6.0079080047404805,15.97452267134921,0.5,0.25,0.0019050141894558456,
375,Temperature,0,2.0,1.0,72,305.7753601639054,10.630162807384744,7649.952923668234,-362712.8234133679,2.322222222222223,2.0,0.0003853324002273006,
376,Temperature,0,2.0,1.0,73,305.79843436833926,27.65737596397386,10103.834824263346,-1208548.9068682943,3.0630577891706383,1.9999997699558565,0.0006331261885089066,
377,Temperature,0,2.0,1.0,74,305.7582970967471,104.45087335229256,409.9545024397798,-109502.6201562093,4.0,1.2833333333333334,0.0019092605141042855,
378,Temperature,0,2.0,1.0,75,306.68288145055186,-1.1944711037106144,-7.391329090398833,15.162723314888442,0.5,0.25,0.001956502427959034,
379,Temperature,0,2.0,1.0,76,305.76499744699015,139.10980094525624,148.3790157596385,-76915.10692328478,3.999999575076922,1.1705250219180279,0.0005065786692500197,
380,Temperature,0,2.0,1.0,77,306.9068313186606,-2.167778197398281,-8.023658751942754,18.635927262523182,0.5,0.25,0.0018782077760381728,
381,Temperature,0,2.0,1.0,78,305.8215391956023,140.66166193227355,3664.7283984318146,-7236099.047062637,3.999999999999999,1.9999999999999996,0.0012453111647015708,
382,Temperature,0,2.0,1.0,79,305.77364834677195,18.7329470453066,5591.257473997184,-739200.9586230316,2.6416427380936818,1.9999999651996632,0.0008938201548144012,
383,Temperature,0,2.0,1.0,80,305.7612086327676,89.80759585925195,648.0878508493201,-137585.09648660125,3.9999999860297755,1.3550797631383462,0.0012901561092873131,
384,Temperature,0,2.0,1.0,81,305.74883682234895,62.12994270101634,371.230385635513,-63054.07757595512,3.559212435392763,1.2847632699994391,3.371221132029456e-05,
385,Temperature,0,2.0,1.0,82,305.7840109956145,19.29126439498952,6313.280721484018,-398731.4529657583,2.802279714151209,1.8639556414834306,0.0010301211260604695,
386,Temperature,0,2.0,1.0,83,306.5575543692926,-1.8984810493478592,-5.727569600584175,15.957505766337809,0.5,0.25,0.001331422014528889,
387,Temperature,0,2.0,1.0,84,305.80425913146036,42.25436075137138,-41.76130489246137,-12747.484613679095,2.8442053592278693,1.0939061191947133,0.0017277331302758452,
388,Temperature,0,2.0,1.0,85,305.81921841994176,61.11241245903882,-2217.4555791863963,-2757491.288566463,3.388900252649072,1.9999983832840522,0.0007527845886359192,
389,Temperature,0,2.0,1.0,86,305.7564555894764,108.64235530982961,758.4711807734586,-214927.44270198187,3.9999999950988974,1.3985769437796447,0.0013882659163934503,
390,Temperature,0,2.0,1.0,87,306.715618340731,-1.132757607103895,-7.73011030509129,15.344340966090325,0.5,0.25,0.0015432811931971311,
391,Temperature,0,2.0,1.0,88,305.7225421130527,157.7622046728728,39.91042924902474,-20302.40165179452,3.931707714841286,0.9007154590397213,0.001310575138272404,
392,Temperature,0,2.0,1.0,89,305.75181499008215,99.76506801848873,547.6974769006611,-137424.76080666503,3.999999941257392,1.3364885570862843,0.0013059427075187322,
393,Temperature,0,2.0,1.0,90,306.54349504583627,-0.913336376395683,-6.592221007471902,13.476608302999217,0.5000143561717323,0.250039496788099,0.0011810384559216066,
394,Temperature,0,2.0,1.0,91,306.54402937854184,-1.924505746886877,-5.558008709745373,15.793980864099062,0.5,0.25,0.0020807704965650703,
395,Temperature,0,2.0,1.0,92,305.79233373544156,28.039633563699464,7606.642619697871,-1212342.3709765011,2.975,2.0,0.00052785035371613,
396,Temperature,0,2.0,1.0,93,305.8176737391402,118.6249145889099,8956.148653369994,-6112938.3970695725,3.9999999999999996,1.9999999999999996,0.001751829677379876,
397,Temperature,0,2.0,1.0,94,306.99312480501334,-1.5023360423945407,-9.24285878066584,17.489881137737015,0.5,0.25,0.0015344941316216315,
398,Temperature,0,2.0,1.0,95,306.6251978955649,-2.017656582029012,-6.037227799789608,16.456623067798535,0.5,0.25,0.0021975471534371447,
399,Temperature,0,2.0,1.0,96,306.4744895322066,-1.9752175633907092,-4.992342301177684,15.499853808629933,0.5,0.25,0.0009450481890190003,
400,Temperature,0,2.0,1.0,97,307.16309210500316,-2.5223524446292935,-9.51832105681221,20.96919788319778,0.5,0.25,0.0018657162504993902,
401,Temperature,0,2.0,1.0,98,305.7994822483369,36.490501249863364,9857.462723227958,-1680260.1214897744,3.1976813482209034,1.9999992661168948,0.0003421407027381166,
402,Temperature,0,2.0,1.0,99,305.74302524524626,6.281027606811118,2727.1791892259425,-33664.91591082585,2.111596074848042,1.6485420099437607,0.0012528304945730576,
403,Temperature,0,2.0,1.0,100,305.7518785887253,65.30522199329116,952.0167814699835,-123754.37117705072,3.9999999779795266,1.39343170854297,0.0014676081925577475,
404,Temperature,0,inf,0.0,0,305.79955227936904,127.25471473972152,1431.225600998237,-793168.0534812871,4.0,1.6111111111111112,0.006208937701580415,
405,Temperature,0,inf,0.0,1,305.79703877503647,91.99785080012214,7449.955792161398,-2506294.794755591,3.8600176931276784,1.8808920687608728,1.9715574125431505e-06,
406,Temperature,0,inf,0.0,2,305.8143741131107,121.40346684145592,9840.916071590722,-6358606.162756757,4.0,1.9999999999999991,0.0025924806623472295,
407,Temperature,0,inf,0.0,3,305.802979095127,141.53940208899442,1883.2638626672092,-1669460.4537676985,3.999991627765433,1.7280525582038937,0.0019783407293919226,
408,Temperature,0,inf,0.0,4,305.81357284599267,120.92849114288573,9776.333689598061,-6311464.359616183,4.0,1.9999999999999998,0.003487596340956204,
409,Temperature,0,inf,0.0,5,305.7960986454662,117.11742941431055,1463.938175997587,-664787.5642924315,3.9999583431876093,1.595384701680056,0.0024703549758801065,
410,Temperature,0,inf,0.0,6,305.80868136908805,65.95280883987108,11592.393197465042,-3307072.2111869203,3.6429826559849805,1.9998562247119713,0.0030418333427331503,
411,Temperature,0,inf,0.0,7,305.81734452172094,110.03640656677747,11009.15008745247,-5704923.71061158,4.0,1.9999999999999991,0.004364196467250101,
412,Temperature,0,inf,0.0,8,305.7980217358102,104.52190738132397,4131.743491354513,-1415556.3298436902,3.999938423875527,1.751828344449291,0.005318972240922494,
413,Temperature,0,inf,0.0,9,305.8093913422364,83.38541603669947,4889.981035581917,-4130496.1328285085,3.6333713122957536,1.9994405553649055,0.0035237139399213373,
414,Temperature,0,inf,0.0,10,305.80704078605163,62.86134624070603,10923.529315902138,-3112091.180066982,3.570059010806845,1.999809832229511,0.005243121222679317,
415,Temperature,0,inf,0.0,11,305.80039053497575,74.56082529597842,10838.499349838537,-3805641.6377582895,3.638829850807973,1.9999745786975818,0.002115199182854638,
416,Temperature,0,inf,0.0,12,305.79919272499956,36.233149099768916,12382.363744942973,-1715272.6748701415,3.244433585926263,1.9999678570820456,0.004476586295040079,
417,Temperature,0,inf,0.0,13,305.8151020672485,94.03973632008322,3004.344952329292,-4662064.071509979,3.6987421593366916,1.999789265415632,0.0039802525369187726,
418,Temperature,0,inf,0.0,14,305.789568651116,105.84046736912704,1740.3352484233278,-583369.3818031804,3.999998095047197,1.5871263307494508,0.004006356644004053,
419,Temperature,0,inf,0.0,15,305.82370023185325,123.96472537944108,7744.133163570063,-6403681.866726031,3.9999999999999996,1.9999999999999996,0.004809052350832756,
420,Temperature,0,inf,0.0,16,305.8140168966363,121.5148126622883,9429.671033262242,-6312047.206829805,4.0,1.9999999999999996,0.003350162411225542,
421,Temperature,0,inf,0.0,17,305.79140584621643,104.82498704399072,2894.2125781971217,-946326.0660399748,3.9999919804635775,1.6777807252254495,0.0025217060592926913,
422,Temperature,0,inf,0.0,18,305.7937739481132,51.61302776836427,12440.229669541624,-2580595.6177453203,3.4059809233421117,1.999853974877273,0.002101573497487372,
423,Temperature,0,inf,0.0,19,305.7737982381687,134.52066330305274,329.98365783169027,-152809.72990600683,3.9999532012676298,1.2989585825716632,0.0012578924031412962,
424,Temperature,0,inf,0.0,20,305.77024291985856,104.90159762546256,659.3480275339854,-189591.33761008314,3.9999608215330964,1.3829000591214853,0.0010573746180286264,
425,Temperature,0,inf,0.0,21,305.79942368474167,124.80423839834926,1814.444576023377,-947664.8590024255,3.999953621430904,1.645540307654887,0.00618792119598917,
426,Temperature,0,inf,0.0,22,305.81127691707746,79.61778018493058,8911.186638903671,-4008667.8809649963,3.706783762329668,1.9999803987897309,0.00404305662954847,
427,Temperature,0,inf,0.0,23,305.7928109395044,38.169021606055985,13056.627785021017,-1860211.6322390386,3.216403096081083,1.999926067448929,0.0027237515830632144,
428,Temperature,0,inf,0.0,24,305.80790387810714,108.60847172394526,3090.566141101616,-1302244.9376604839,3.9999987814830082,1.7317758181356786,0.003600132584551984,
429,Temperature,0,inf,0.0,25,305.77473667051197,109.14633676461872,758.2436473916237,-240217.5486545247,3.991106111134286,1.4185058340601855,0.002283096693295097,
430,Temperature,0,inf,0.0,26,305.818615561876,129.09566804850462,7401.625021346855,-6723566.646413924,4.0,2.0,0.0035111483947062264,
431,Temperature,0,inf,0.0,27,305.76943125119305,101.83936915768481,412.3579256541531,-124036.92084997629,3.9208246011875874,1.3127748947469868,0.0006504377465670965,
432,Temperature,0,inf,0.0,28,305.8077607194155,109.24067336551146,2847.3185541339994,-1217955.9254161303,3.9999820480424564,1.7190830639178332,0.0036012707702785286,
433,Temperature,0,inf,0.0,29,305.8197681379819,125.01332589914155,8206.176574030515,-6533178.303793773,3.999999999999999,1.9999999999999996,0.005202189886311807,
434,Temperature,0,inf,0.0,30,305.7931275579935,100.8700374303982,3792.77524817304,-1139480.2320175865,3.999981927586488,1.7160141834661364,0.004187020805689693,
435,Temperature,0,inf,0.0,31,305.7874849361981,25.895516160882657,12586.740995852178,-1196961.2348553878,2.966220552883777,1.9998779017252861,0.0020369997718509896,
436,Temperature,0,inf,0.0,32,305.8067975181482,65.19398462415282,11461.667358063334,-3275007.8323042127,3.599538126423191,1.999900791558321,0.005348545316687964,
437,Temperature,0,inf,0.0,33,305.7906276009338,30.9956078526609,14921.23617957985,-1482308.7914587464,3.1352838958530036,1.999986106191956,0.0032551137001849313,
438,Temperature,0,inf,0.0,34,305.7943107663912,118.17416841172066,2082.085138733963,-1031108.2797160838,3.969144504298856,1.6726905790929485,7.173036229561733e-07,
439,Temperature,0,inf,0.0,35,305.80157027520164,58.70602586210812,14175.93015726173,-2930795.3317049984,3.5894225915128315,1.9983854889156658,0.0038486805853254627,
440,Temperature,0,inf,0.0,36,305.80274347677795,49.05410817024852,13511.508405967988,-2420483.2375316243,3.4668298632327943,1.9998940944414252,0.005457570443136656,
441,Temperature,0,inf,0.0,37,305.8080142560834,144.70852450389162,1774.5665057458355,-2026294.6375985865,3.999946586738226,1.760575917255917,0.0016150805267146798,
442,Temperature,0,inf,0.0,38,305.776557369057,122.0496771475032,417.5738056670276,-168231.24191660064,3.999509859085084,1.3345811135239063,0.0023383730206190884,
443,Temperature,0,inf,0.0,39,305.80857488619364,70.15810143319912,5887.049308741467,-2639256.1343567804,3.5861753222812296,1.9502239925933424,0.005544356083296957,
444,Temperature,0,inf,0.0,40,305.7938171911022,49.60100384948492,14393.118299219583,-2496634.4277953594,3.4343626899620494,1.9998814086367127,0.0015344141329051303,
445,Temperature,0,inf,0.0,41,305.79992950787044,126.05217585708344,3586.857836105543,-2003526.3161012582,3.9999555978691195,1.780470758294137,0.0020103718602606205,
446,Temperature,0,inf,0.0,42,305.7881341675651,108.12949652368633,1199.3726852568795,-419937.1308919249,3.9999991660544763,1.5248586208122261,0.004449499805982166,
447,Temperature,0,inf,0.0,43,305.8100758394272,74.96919925268097,7645.647616319662,-3734692.676059013,3.604649073294123,1.999949361732337,0.00438250844323021,
448,Temperature,0,inf,0.0,44,305.7911692956793,111.51651765448472,1442.2915536922958,-545815.7205546416,3.999989577950325,1.5671488220239862,0.004477532193439961,
449,Temperature,0,inf,0.0,45,305.82397341214994,128.75666982325686,6364.188688276404,-6632714.226540399,4.0,2.0,0.004014064849875546,
450,Temperature,0,inf,0.0,46,305.80937376288233,144.63046850559402,1306.425978875258,-1241583.3158499086,3.9999669103701283,1.6689417007167284,0.0034916941796479042,
451,Temperature,0,inf,0.0,47,305.7894481360289,40.87867811718266,14074.235453396539,-2010878.090689517,3.2904151912289517,1.9997422940759866,0.00414448193166797,
452,Temperature,0,inf,0.0,48,305.79849171534545,102.83839550329917,5202.740156132779,-1716045.5973544924,3.999925796757333,1.7878555943616283,0.005285620390646104,
453,Temperature,0,inf,0.0,49,305.7738813938031,126.87040959662214,437.4754286491023,-178175.59741184895,3.99997213339521,1.336105628501528,0.002022627610088219,
454,Temperature,0,inf,0.0,50,305.79795595991965,51.35708436615037,10018.862870356847,-2477999.4912233315,3.4041076319798687,1.9997785928245424,0.0029101917601676206,
455,Temperature,0,inf,0.0,51,305.78937287108687,36.797317711659154,14856.725656208238,-1801706.9859538553,3.2386836251813085,1.9999763051979254,0.0031778607961302306,
456,Temperature,0,inf,0.0,52,305.8240252594476,124.84850183665368,7457.308413520858,-6464310.746493287,4.0,2.0,0.0049033622753460555,
457,Temperature,0,inf,0.0,53,305.8180126789874,87.83862529327281,10973.378482629505,-4148683.735943766,3.8683029899435026,1.9846204102674614,0.003345776376785604,
458,Temperature,0,inf,0.0,54,305.79551202586504,130.56598808819422,1506.7382301000544,-916837.8334166581,3.999962283705097,1.6328000714299948,0.00043013932250189906,
459,Temperature,0,inf,0.0,55,305.7881319983395,108.12803246376677,1199.4265554867939,-419935.2662568014,3.9999991660544763,1.5248586208122261,0.0044493042845095854,
460,Temperature,0,inf,0.0,56,305.7868521453625,27.10864838926679,14812.416987853276,-1274069.4012727481,3.028972225056953,1.9999743266001038,0.00246758988678838,
461,Temperature,0,inf,0.0,57,305.814836611287,121.98360939994419,5811.941265497774,-3729678.8606356108,3.9999161820494926,1.9025645380135192,0.005289047202239903,
462,Temperature,0,inf,0.0,58,305.7991111875425,40.280649706802144,14983.264994303183,-1951573.3566157003,3.3660398851797355,1.9999085493050204,0.005283073740994199,
463,Temperature,0,inf,0.0,59,305.8020793723542,42.2375356029512,12833.365124256228,-2017427.419441741,3.3666639800344864,1.999788954915978,0.005230027079194879,
464,Temperature,0,inf,0.0,60,305.79795762344867,40.5822627170662,15949.213690069242,-2008503.622397171,3.3820839332442567,1.9998702799939783,0.005323896233052988,
465,Temperature,0,inf,0.0,61,305.79529756948926,64.44711019744184,1879.1121087575755,-420813.97006032756,3.625129225778046,1.6259695549596296,0.0007957612196213183,
466,Temperature,0,inf,0.0,62,305.8029368272721,132.19446418959208,4588.747072788893,-3138411.9880615994,3.999985558552182,1.8546636777641492,0.0016572173228508972,
467,Temperature,0,inf,0.0,63,305.80739703532026,61.04393524763805,11989.898878869199,-3045667.3955813604,3.5727405808178863,1.9999094080616486,0.004233767391971864,
468,Temperature,0,inf,0.0,64,305.81702190498424,109.6969805520207,11195.614250945351,-5700895.815556091,4.0,1.9999999999999996,0.004376805809943297,
469,Temperature,0,inf,0.0,65,305.79630067016643,116.79926527864619,2048.657446055539,-918222.3737754873,3.999954641555723,1.652989710869047,0.0038574578756690393,
470,Temperature,0,inf,0.0,66,305.80121005344046,113.76819978606406,5141.969115948198,-2097581.7785184314,4.0,1.8055555555555556,0.005883515865739708,
471,Temperature,0,inf,0.0,67,305.7964599304729,136.19454753812073,2059.4588893337027,-1288123.312541709,3.9999661450739934,1.6850901812680399,0.0021304968863528903,
472,Temperature,0,inf,0.0,68,305.81464978565987,71.92989336979461,7047.3053346459,-3511065.3638158524,3.6235376059470084,1.9998685547505748,0.005729659132950455,
473,Temperature,0,inf,0.0,69,305.7988426456013,72.4546419675016,12118.933835714732,-3079576.1016914276,3.7230027804087342,1.9652570655482116,0.0010970046733151156,
474,Temperature,0,inf,0.0,70,305.7982691530467,96.39372476776698,7351.966645136142,-2101739.0669609653,3.9999708614958887,1.8356808328847953,0.005031971202178742,
475,Temperature,0,inf,0.0,71,305.82715705306634,134.54647965693894,3782.1426300229523,-6855306.038752079,4.0,1.9999999999999996,0.004996320018314521,
476,Temperature,0,inf,0.0,72,305.80246784679326,97.10005738177097,4811.5980926626635,-2250860.006972317,3.8400330020813294,1.854181034698236,7.97458523231596e-05,
477,Temperature,0,inf,0.0,73,305.8237935817606,124.44150377744923,7639.245849524132,-6447981.905030288,3.999999999999999,1.9999999999999996,0.00482712851760324,
478,Temperature,0,inf,0.0,74,305.80892814572223,72.28694698438481,6306.275255359278,-3590174.487603086,3.5614818442577163,1.9999653821228107,0.0021961932815272676,
479,Temperature,0,inf,0.0,75,305.7850331392178,21.90270986620723,15675.488425871525,-1002582.2368801803,2.926152597407218,1.9999641650275168,0.0027848234053155395,
480,Temperature,0,inf,0.0,76,305.8240255270773,124.84896552364299,7457.103695897855,-6464330.059584474,4.0,2.0,0.004903439655195115,
481,Temperature,0,inf,0.0,77,305.79970585781643,124.67658339749535,3763.2320524767947,-2022908.1093823898,3.999978126239961,1.7853089057689728,0.0019471176833197811,
482,Temperature,0,inf,0.0,78,305.81439074912095,118.26035295435776,10205.749532609547,-6153688.528508669,3.9999999999999996,1.9999999999999996,0.002411890599603367,
483,Temperature,0,inf,0.0,79,305.7921923528163,100.14369315310626,3174.212794864721,-951584.9967060139,3.9999707694631095,1.6852615132297304,0.004127308013940788,
484,Temperature,0,inf,0.0,80,305.8076707843957,132.95496189508074,5957.921289521953,-4679552.265339961,3.9999762619044796,1.9275769070382411,0.0012133189067131374,
485,Temperature,0,inf,0.0,81,305.818016142595,138.28156709994744,5702.264856533271,-7210146.969823769,4.0,1.9999999999999996,0.0019933941740294205,
486,Temperature,0,inf,0.0,82,305.7982194221499,51.355632424567176,9557.172848180198,-2478688.6200045664,3.3966909947082025,1.9998924444515245,0.0028664445653289045,
487,Temperature,0,inf,0.0,83,305.814833942751,121.999117105686,5806.853698182472,-3727000.315939132,3.999977177195251,1.9024095552772953,0.005289139507164199,
488,Temperature,0,inf,0.0,84,305.798209504736,53.099329899074434,10750.294092619737,-2637520.4393579643,3.4009128014868484,1.9998969034278544,0.001369991666441158,
489,Temperature,0,inf,0.0,85,305.8010161123369,130.89070786733882,1771.6655394282127,-1098715.516304031,3.9999738826983946,1.6646290843869496,0.004916147550928513,
490,Temperature,0,inf,0.0,86,305.8075368388456,90.31054374664939,3326.0228243117517,-1232986.4339978995,3.8133668322666763,1.756101237554197,0.0002563964749344622,
491,Temperature,0,inf,0.0,87,305.8108504045282,70.6955221865178,8821.22220349063,-3495812.1023187903,3.616746593654776,1.9998197934590285,0.005318118906202526,
492,Temperature,0,inf,0.0,88,305.8103577849053,106.78624114474573,7911.315325753083,-5522269.406894052,3.8427610629599,1.999915042463611,0.002505520336860776,
493,Temperature,0,inf,0.0,89,305.79765380605016,107.55978585435963,3649.8050771569624,-1337255.9532876932,3.999989626789101,1.7357259824830904,0.0022455379366064154,
494,Temperature,0,inf,0.0,90,305.7913175533598,30.707996954512577,11434.060832207406,-1437769.3332641916,3.060982095201809,1.9999954092005892,0.002245845363404304,
495,Temperature,0,inf,0.0,91,305.8148636061817,89.85071885739414,4618.273491856593,-4495497.397515376,3.692268890967201,1.9997595852728955,0.002979943489931149,
496,Temperature,0,inf,0.0,92,305.8177648714527,128.75762098949235,6363.905000823596,-6632750.046044768,4.0,1.9999999999999998,0.0021946855867208156,
497,Temperature,0,inf,0.0,93,305.7832969560824,106.91164305230507,1039.8917199947127,-340399.0952162158,4.0,1.4875,0.0033980682674884556,
498,Temperature,0,inf,0.0,94,305.7968161473751,98.65158029075616,4705.700885582465,-1395103.5730458398,3.999979656331104,1.7574273387058479,0.0033442829330827826,
499,Temperature,0,inf,0.0,95,305.7939373632041,123.18270511488508,1584.5647465456339,-808656.672183031,3.999929532930402,1.6207253696666015,0.0011096234177110041,
500,Temperature,0,inf,0.0,96,305.78243199587297,139.86815671942344,300.0392289625835,-201258.73372962506,3.927383679869716,1.3436347545258176,0.0020240358475487282,
501,Temperature,0,inf,0.0,97,305.8003087177238,108.35483020496758,5810.539567065611,-2120530.0163351106,3.9999956768695153,1.8162591429863522,0.005620574119095427,
502,Temperature,0,inf,0.0,98,305.7970287853855,128.2895600815135,927.4178546218012,-473164.15437752364,3.9999658517564978,1.5135935110914978,0.0006956591033744979,
503,Temperature,0,inf,0.0,99,305.79949689192466,55.87686594979897,11692.288398819739,-2798707.335032922,3.463408367420419,1.9999607996459243,0.002074423589161669,
504,Temperature,0,inf,0.0,100,305.795832847008,117.07876327220427,2398.363092143774,-993496.7354810832,3.9999923248208353,1.6656881810075217,0.005044040142729668,
505,Temperature,0,inf,1.0,0,305.71152650212355,306.03776297562536,2.568918665438914,-3715.3398624046395,3.999948561936617,0.4688421467526092,0.000979635861139985,
506,Temperature,0,inf,1.0,1,308.21451627092296,-9.763358182543056,-11.103263752930793,46.881524397984954,0.5,0.25,0.00532057887451586,
507,Temperature,0,inf,1.0,2,304.7268064074529,50.004978184494945,5.767307265680415,-180.9985324463335,3.303316237075916,0.2500000002377828,0.0010384851381754615,
508,Temperature,0,inf,1.0,3,305.8959905897186,187.83268865877744,-14.553637805438807,-12396.126346016727,3.690813062048102,0.7873874496606623,0.0009768196531291938,
509,Temperature,0,inf,1.0,4,306.02091799124145,537.3625473670046,-1.0455570812257275,-2024.9618959367392,3.8238959168970004,0.25011294607783363,0.0006703523229902744,
510,Temperature,0,inf,1.0,5,304.7229871450047,80.03510435957614,5.7857524243000125,-304.2529229277148,3.43561412348635,0.25000416822979443,0.0008565086701108612,
511,Temperature,0,inf,1.0,6,305.8005367850722,0.35041563253465097,-173.7822052200701,423.45168308130275,0.5000459534687256,0.9249896987609347,0.0016095889044919656,
512,Temperature,0,inf,1.0,7,305.78596268814607,126.19200510817252,866.4149481275864,-416536.4074103854,3.999985726586823,1.4965480490859362,0.0006376595483019581,
513,Temperature,0,inf,1.0,8,307.36138923566807,13.882451334771355,-11.696450790095396,-30.977659515952553,1.1230757534503943,0.25020830594003163,0.0011577939395649316,
514,Temperature,0,inf,1.0,9,305.72795523504226,224.5094755460278,15.133415991354596,-13752.96748736023,3.999996261563502,0.7638311771341557,0.000642578749989914,
515,Temperature,0,inf,1.0,10,305.2707621909764,2.4012112042136784,-86737.9743119265,141704.64152297322,0.5001830072059419,1.8002874284481747,0.004400679555310054,
516,Temperature,0,inf,1.0,11,305.7522955911343,79.54079013173569,0.19705635359598317,-271.6450747300643,2.824015671759847,0.2500442082062362,0.0020658529371205547,
517,Temperature,0,inf,1.0,12,305.8746834200888,188.30596116323807,-30654.647338814397,-7619461.3549006265,4.0,2.0,0.0034025734421776407,
518,Temperature,0,inf,1.0,13,306.5471076336967,1319.9105754063548,-8.058647283542628,-8521.282054659114,3.999953551590441,0.3442367406096304,0.002960687994327246,
519,Temperature,0,inf,1.0,14,305.76344171977416,298.66010624420767,6.451294092078989,-15402.490899854496,3.9999755405778386,0.728180196237047,0.0019339046374383315,
520,Temperature,0,inf,1.0,15,305.84649036772146,127.94608729454755,-597.7888319364404,-5799985.788908525,4.0,1.9999999999999996,0.0012677807140493787,
521,Temperature,0,inf,1.0,16,305.44356945040767,-21.913816137722115,2.590691447427066,98.72350258168309,1.7018607127193586,0.2500134605802317,0.0033721561134283347,
522,Temperature,0,inf,1.0,17,305.46486953388285,101.21158914017106,5.620413306197764,-695.2258736319412,3.9999058626108805,0.39981791546337364,0.001602766032031499,
523,Temperature,0,inf,1.0,18,306.35039226350284,-9.227505565743945,1.773675284303088,34.852887247067684,0.5,0.25,0.005626503951482318,
524,Temperature,0,inf,1.0,19,305.813902430877,79.66736217314487,11211.414764861129,-2536260.1196164466,3.9999795724676024,1.910887455134593,0.0010903349527928716,
525,Temperature,0,inf,1.0,20,305.62685656779206,46.963381124619524,0.8092898866428855,-157.91774765800585,2.5212410647511407,0.25008206152587475,0.0002642048824601369,
526,Temperature,0,inf,1.0,21,305.1602723318667,3.095610936223068,-8750.162861038141,12464.915177339797,0.5,1.4166666666666667,0.002537370339838174,
527,Temperature,0,inf,1.0,22,305.80609703654585,31.500041939011396,-1743.5677985346838,-561428.2744874551,2.9598036584078096,1.873493235265408,0.0002904793943823772,
528,Temperature,0,inf,1.0,23,306.74090064996057,-4.244809560266979,-4.8075576454597195,22.724933542753206,0.5,0.25,0.002613470855003081,
529,Temperature,0,inf,1.0,24,305.7701604223517,85.67872439374686,2321.165352632047,-482337.5803436484,3.9996931045316195,1.587655851761035,0.00031197386845155845,
530,Temperature,0,inf,1.0,25,307.74095002385684,2.1044361510915053,-18.36378577582461,13.553492095452878,0.5,0.25,0.0019539749033681405,
531,Temperature,0,inf,1.0,26,305.78605787471935,0.31925533795811356,13191.452408905654,94869.51165479132,1.1594839726838027,1.999999998818895,0.003849896294999227,
532,Temperature,0,inf,1.0,27,306.30542898817635,-5.274796300391766,-0.6402407974309567,22.605132726833602,0.5,0.25,0.0020628031870681372,
533,Temperature,0,inf,1.0,28,307.66962758553655,-9.133976993472746,-6.876712308639923,40.089058548593684,0.5,0.25,0.003459979455565231,
534,Temperature,0,inf,1.0,29,307.7544542018544,1.6753005113895314,-17.984319054307004,14.477536126315064,0.5,0.25,0.000824532564296487,
535,Temperature,0,inf,1.0,30,305.5967796604891,0.890395250274068,-53463.43579723895,105587.14804235547,0.5,2.0,0.004966051663116941,
536,Temperature,0,inf,1.0,31,305.6916310217686,159.73909494999876,6.478210149439022,-3495.713064980664,3.8328006162561783,0.5850359051450784,0.0003163543088410559,
537,Temperature,0,inf,1.0,32,305.8648924986562,-8.888884038398471,5.320528333814229,30.232968311058016,0.5,0.25,0.006023157425661605,
538,Temperature,0,inf,1.0,33,305.6563718850364,0.6351482189020281,-24604.021573245947,67722.88661250735,0.5,2.0,0.005030190158213264,
539,Temperature,0,inf,1.0,34,305.5616706037568,1.9391528853048259,-3640.2963510783898,7637.084312126128,0.7299602363377283,1.4959370316443534,0.0010868079131987048,
540,Temperature,0,inf,1.0,35,305.2552527612162,69.96947793496224,3.120146376267956,-247.0349142227147,3.1811144474630693,0.2500065030968468,0.0005047572666298927,
541,Temperature,0,inf,1.0,36,305.66031481143204,280.58838864148936,0.8098245797179962,-1047.102470466999,3.5815544562610735,0.2500180015487785,0.0008195264378088189,
542,Temperature,0,inf,1.0,37,305.58224107342085,404.77774447582453,1.628425834547643,-1865.6333496532768,3.999337179958821,0.2873644506093116,0.0009100089282461715,
543,Temperature,0,inf,1.0,38,305.7476651728014,36.88778169392328,2173.8907019762937,-142076.07310033933,3.9998865697874852,1.5036343953198184,0.0017247675081542568,
544,Temperature,0,inf,1.0,39,305.58373856786744,-12.559052248602368,3.2382730800302926,51.09686071019898,0.9752348693536017,0.2500239386838766,0.0031781228308813583,
545,Temperature,0,inf,1.0,40,305.8353420826199,55.26090600173382,16575.827342799505,-2390954.4777977383,4.0,2.0,0.0025530508853248415,
546,Temperature,0,inf,1.0,41,305.1637010115707,-5.815242618226813,7.942059156713774,17.516315655077612,0.5,0.25,0.003904481107971879,
547,Temperature,0,inf,1.0,42,305.9226415872774,3.731830139126516,-96.38411013183887,86.66008811600607,0.5004905963316558,0.5901202058626547,0.0010863999852069994,
548,Temperature,0,inf,1.0,43,305.58670666806677,0.8179624286437226,-9361.090734449414,27486.276977501042,0.5,2.0,0.0051142861671159105,
549,Temperature,0,inf,1.0,44,305.70364043878095,-16.859362625048792,1.0630254447380632,80.43769059858907,1.5553524803011283,0.250005411556776,0.0041221754180387,
550,Temperature,0,inf,1.0,45,305.77230416496565,0.34202380198267385,-12805.131800110668,111969.6641496927,0.7723042298930499,1.9999999984867025,0.0035855275892137163,
551,Temperature,0,inf,1.0,46,305.78474328946777,2.7148223011546206,-3.1518371571763706,7.203502225188664,1.4852541635660006,0.6398594456815497,0.0007803010415952124,
552,Temperature,0,inf,1.0,47,305.7772719718687,147.1932288566487,73.1905602561241,-48135.502532005135,3.9997730105547795,1.0806013316028582,0.00022093763185183758,
553,Temperature,0,inf,1.0,48,305.72058358924943,173.73444002437904,20.06581349756171,-11785.768498018348,3.9999247215599127,0.7889033129348486,4.3862985012493366e-05,
554,Temperature,0,inf,1.0,49,306.3645286602555,840.388437855747,-9.478765434885997,-7536.3791426587795,3.999997310566685,0.4108825577504227,0.001617010602081888,
555,Temperature,0,inf,1.0,50,305.36761762976255,1.727684549098572,-123042.05524918744,210440.86897408764,0.5,2.0,0.0018388395851647306,
556,Temperature,0,inf,1.0,51,304.58192910198636,-12.423652511139432,8.374928448979672,46.48387647619649,1.0857220076322842,0.25011420624095987,0.003925428310662576,
557,Temperature,0,inf,1.0,52,305.64554278809305,43.78708871496735,0.8761838540515323,-164.10827679001278,2.5520723937183467,0.27116149381313187,5.4036614110961975e-05,
558,Temperature,0,inf,1.0,53,305.062608290876,2.5791214299535263,-152134.61165491777,236297.27320812503,0.5,2.0,0.00162819005325073,
559,Temperature,0,inf,1.0,54,306.1214659128952,-3.520473667264626,-0.9671324530913543,17.329334461986143,0.5,0.25,0.0019497396143780502,
560,Temperature,0,inf,1.0,55,306.5630661454076,1162.7750248733132,-4.468532602313204,-4508.642309492871,3.787041525713738,0.2502455916576383,0.004138862048692059,
561,Temperature,0,inf,1.0,56,306.1695603437065,410.9462470838248,-1.9739427565790977,-1545.2256103709874,3.4755984103811564,0.25002555198443255,0.0016394848300515538,
562,Temperature,0,inf,1.0,57,305.47916822692736,1.6282533708098417,-2666.613343647647,4334.742415527764,0.5000964156373806,1.3400550034827268,0.0015559461051093267,
563,Temperature,0,inf,1.0,58,305.8939490491345,-0.10653767127308987,-22404.467786948957,70420.62844146353,0.5024387647797992,1.8197315534606688,0.004539188780989911,
564,Temperature,0,inf,1.0,59,305.411819602776,2.5203972866091795,-2053.0337517124785,2953.074189815745,0.5000095012375817,1.1741717814193777,0.0016985444909003,
565,Temperature,0,inf,1.0,60,305.5443281620253,1.3274516405284262,-29275.168097096146,66829.71997101759,0.5933655213165362,1.8573029748250143,0.001878546155682267,
566,Temperature,0,inf,1.0,61,305.56370515966813,17.40571109012989,337.33548136975645,-10101.062911163433,3.9985747488779646,1.0789463021180097,0.0022018275204000793,
567,Temperature,0,inf,1.0,62,305.1831746511871,-2.0252296763726263,3.843374448563782,9.358212489718118,0.5,0.25,0.000899494051459698,
568,Temperature,0,inf,1.0,63,309.1844773009912,-11.835731889706505,-16.070303952312962,57.60477485692078,0.5,0.25,0.006314330651774791,
569,Temperature,0,inf,1.0,64,305.83214466630136,83.06390051876186,4259.035354194564,-2798428.770754935,4.0,2.0,0.0032042234172096175,
570,Temperature,0,inf,1.0,65,305.802032136145,164.0057191318911,481.69308094837857,-727596.300532143,3.999979538827029,1.5515076636835596,0.0005602006075727451,
571,Temperature,0,inf,1.0,66,306.15251294656593,419.7559659525288,-1.876048539940953,-1588.0046276857183,3.486118021086604,0.25004670243578236,0.0017574762488251057,
572,Temperature,0,inf,1.0,67,305.8705454465601,232.09309101603856,-239.86002673626166,-238801.03554594892,3.999988931375629,1.291505234223592,0.0007670699583203301,
573,Temperature,0,inf,1.0,68,304.24452459387993,-459.6591800506626,8.566901100794679,1825.4140691297548,4.0,0.25,0.0008973991331899845,
574,Temperature,0,inf,1.0,69,305.52147996781395,1.0208357272885449,-4952.079874084178,13672.332516403965,0.5033215467293579,1.6540769098133743,0.0022642833565736722,
575,Temperature,0,inf,1.0,70,306.0140579818598,484.40278481256223,-22.119401660972148,-17440.59800661674,4.0,0.6708333333333333,0.0015840533847422862,
576,Temperature,0,inf,1.0,71,305.77971022248,142.91963792442354,116.56918719944264,-78947.36840627277,3.9999478911003776,1.1754425993079205,0.00031488054447329644,
577,Temperature,0,inf,1.0,72,305.6081078069037,-19.342837193797163,1.8656589191710284,85.3741040614667,1.6257289144462805,0.2502085938678643,0.001573829730191636,
578,Temperature,0,inf,1.0,73,307.1310641858004,26.97823212446691,-9.007686048846777,-76.89103952639634,1.569721261660258,0.2500208675861356,0.0005049604337898576,
579,Temperature,0,inf,1.0,74,308.11704260010396,-12.608097627292578,-7.4810379026992235,52.89246912741484,0.5,0.25,0.006130543896679186,
580,Temperature,0,inf,1.0,75,304.604808526238,-237.59994135316975,6.49277143440107,936.4167537861547,4.0,0.25,0.003285406992775393,
581,Temperature,0,inf,1.0,76,305.48240233598165,-76.9327023386744,2.1429082272163753,354.7775229371543,3.110173010442585,0.2500144227393319,0.002458308246426346,
582,Temperature,0,inf,1.0,77,304.5906288330372,-2.689888430822318,6.752958578539441,11.170077711607686,1.2882813703173368,0.25002336853795,0.0014056636495407468,
583,Temperature,0,inf,1.0,78,307.94279920201706,0.6568250272712237,-18.443204062964288,18.21197908040523,0.5,0.25,0.000946836148647259,
584,Temperature,0,inf,1.0,79,306.01102918267065,2.6756696695132303,-124.92782506150056,141.59266955700178,0.5000747254554883,0.6438248093520493,0.0018059609051580034,
585,Temperature,0,inf,1.0,80,304.70424118035476,117.10711605493763,5.916521522875432,-429.4683313691686,4.0,0.25,0.001318746308928433,
586,Temperature,0,inf,1.0,81,308.9596154722415,-10.374390159597644,-16.04716893391157,53.226941380838845,0.5,0.25,0.0068604275128114015,
587,Temperature,0,inf,1.0,82,305.42423738185784,1.4276099423642292,-72021.2454261764,136264.28917282773,0.5,2.0,0.0015450142394952439,
588,Temperature,0,inf,1.0,83,305.7721482397563,242.28359692761913,5.92170415003689,-10916.812944042405,3.9999840281343495,0.709152828002241,0.00012842830970064456,
589,Temperature,0,inf,1.0,84,305.72050020403157,223.52636524136759,0.3831559620411777,-832.2394584502783,3.303255584380689,0.2500265131238846,0.0008766030914625116,
590,Temperature,0,inf,1.0,85,305.7028155697123,12.731682889072669,1.4362787656346967,-77.44216194627393,2.2018485674192623,0.42560914015916407,0.0005112469774377759,
591,Temperature,0,inf,1.0,86,305.80011680971575,85.56287321787795,24515.003063749788,-4450779.8304895125,4.0,2.0,0.003001506229005454,
592,Temperature,0,inf,1.0,87,305.7646004415953,8.274891012927194,-351.823876103601,-27662.06039988603,2.030075076355844,1.6526351622007203,0.00021491833791846207,
593,Temperature,0,inf,1.0,88,305.86052779721496,178.58657601202876,-93.92261537006816,-125559.19440176201,3.9468947565057837,1.2260676296502444,0.00033422984823382396,
594,Temperature,0,inf,1.0,89,306.31514141114906,10.264997827608385,-3.4262201675788133,-23.108115795147295,1.5729051467108843,0.2507241354847795,0.0018826392822682543,
595,Temperature,0,inf,1.0,90,308.0288886140904,-9.744306100982964,-9.629542972679275,45.34903224135148,0.5,0.25,0.005312308824301954,
596,Temperature,0,inf,1.0,91,305.7821344488147,142.86808219109358,105.02529928466721,-68963.25975815475,3.9999839486554274,1.149410049883106,0.0004637916268939522,
597,Temperature,0,inf,1.0,92,305.7681171398652,51.3457828991044,2008.7793839632545,-219605.59352342182,3.9997047191485784,1.5283992029047409,0.002357079071955095,
598,Temperature,0,inf,1.0,93,308.10789246701125,-10.111053803479097,-9.38383469485021,45.544081946999285,0.5,0.25,0.00623105609344472,
599,Temperature,0,inf,1.0,94,305.0312433855778,2.7711124283506843,-37660.01129172173,56120.24753277456,0.5000247399380894,1.7616436868783125,0.0013826096653171587,
600,Temperature,0,inf,1.0,95,305.3137529340745,3.6671490496510777,2.6862436771704394,-5.905137565066195,1.9342501060733182,0.250000007473575,0.0015725831710745452,
601,Temperature,0,inf,1.0,96,304.7295656338676,0.3386460088673927,5.092966656158832,0.4328364385000754,0.5,0.25,0.002737533436292109,
602,Temperature,0,inf,1.0,97,306.17338378279305,-3.4244542327551613,-1.3200145401177408,17.094867948029545,0.5,0.25,0.0016102140740998161,
603,Temperature,0,inf,1.0,98,305.7641250333614,0.29172342490054665,-13516.901668987657,63280.192612150735,0.5,2.0,0.0046793544092159035,
604,Temperature,0,inf,1.0,99,305.6225126442583,0.9312671039668664,-107714.28883189407,206388.46179559725,0.5,2.0,0.004876911923729622,
605,Temperature,0,inf,1.0,100,306.66916309331833,-5.555920773998621,-3.050754081018464,25.60682393658981,0.5,0.25,0.002769810655168012,
